cycle_start_time_sec,planner_call_time_sec,command_ready_time_sec,command_publish_time_sec,hook,requested_delay_us,measured_delay_us,delay_error_us,scheduling_displacement_ms,planner_computation_us,command_ready_latency_ms,command_publish_latency_ms,valid_command,cmd_linear_x,cmd_linear_y,cmd_angular_z
25.790000000,25.790000000,25.809000000,25.809000000,inside_local_costmap_mutex,0,226,226,0.000000000,29803,19.000000000,19.000000000,1,0.127368420,0.000000656,0.303599447
25.893000000,25.894000000,25.932000000,25.932000000,inside_local_costmap_mutex,0,491,491,1.000000000,36816,39.000000000,39.000000000,1,0.110161714,0.000000000,0.320131063
25.990000000,25.990000000,26.019000000,26.019000000,inside_local_costmap_mutex,0,308,308,0.000000000,31772,29.000000000,29.000000000,1,-0.145964324,0.000000000,-0.155803606
26.090000000,26.090000000,26.106000000,26.106000000,inside_local_costmap_mutex,0,422,422,0.000000000,19226,16.000000000,16.000000000,1,-0.126652017,0.000000000,0.515640199
26.191000000,26.192000000,26.243000000,26.243000000,inside_local_costmap_mutex,0,623,623,1.000000000,45974,52.000000000,52.000000000,1,0.219999999,0.000000000,0.648839772
26.290000000,26.290000000,26.329000000,26.329000000,inside_local_costmap_mutex,0,488,488,0.000000000,39921,39.000000000,39.000000000,1,0.138158038,0.000000000,0.408567995
26.391000000,26.391000000,26.428000000,26.428000000,inside_local_costmap_mutex,0,324,324,0.000000000,35159,37.000000000,37.000000000,1,-0.122474045,0.000000000,-0.180198997
26.492000000,26.492000000,26.530000000,26.530000000,inside_local_costmap_mutex,0,146,146,0.000000000,36177,38.000000000,38.000000000,1,0.137341797,0.000000000,0.401167542
26.592000000,26.593000000,26.631000000,26.631000000,inside_local_costmap_mutex,0,538,538,1.000000000,44785,39.000000000,39.000000000,1,0.130397871,0.000000000,0.302462637
26.690000000,26.690000000,26.714000000,26.714000000,inside_local_costmap_mutex,0,349,349,0.000000000,25999,24.000000000,24.000000000,1,-0.138086185,0.000036249,-0.203743637
26.790000000,26.790000000,26.822000000,26.822000000,inside_local_costmap_mutex,0,247,247,0.000000000,31091,32.000000000,32.000000000,1,0.117249891,0.000057478,0.420508772
26.891000000,26.891000000,26.937000000,26.937000000,inside_local_costmap_mutex,0,335,335,0.000000000,45920,46.000000000,46.000000000,1,0.219999999,0.000000000,0.609098375
26.990000000,26.991000000,27.030000000,27.030000000,inside_local_costmap_mutex,0,290,290,1.000000000,37711,40.000000000,40.000000000,1,0.113288946,0.000000000,0.415569514
27.090000000,27.090000000,27.117000000,27.117000000,inside_local_costmap_mutex,0,60,60,0.000000000,27121,27.000000000,27.000000000,1,0.219999999,0.000000000,0.652391672
27.191000000,27.191000000,27.221000000,27.221000000,inside_local_costmap_mutex,0,323,323,0.000000000,33661,30.000000000,30.000000000,1,0.201766372,0.000000000,0.829325378
27.290000000,27.290000000,27.328000000,27.328000000,inside_local_costmap_mutex,0,455,455,0.000000000,39291,38.000000000,38.000000000,1,0.175050095,0.000000000,1.008285761
27.391000000,27.391000000,27.417000000,27.417000000,inside_local_costmap_mutex,0,357,357,0.000000000,27875,26.000000000,26.000000000,1,0.219999999,0.000000000,1.017798781
27.490000000,27.490000000,27.518000000,27.518000000,inside_local_costmap_mutex,0,415,415,0.000000000,31126,28.000000000,28.000000000,1,0.204552114,0.000000000,1.039111853
27.590000000,27.590000000,27.639000000,27.639000000,inside_local_costmap_mutex,0,920,920,0.000000000,45264,49.000000000,49.000000000,1,0.219999999,0.000000000,0.931393623
27.692000000,27.693000000,27.735000000,27.735000000,inside_local_costmap_mutex,0,305,305,1.000000000,45501,43.000000000,43.000000000,1,0.219999999,0.000000000,1.004757047
27.792000000,27.792000000,27.835000000,27.835000000,inside_local_costmap_mutex,0,118,118,0.000000000,64422,43.000000000,43.000000000,1,0.206352413,0.000000000,0.935305476
27.890000000,27.890000000,27.942000000,27.942000000,inside_local_costmap_mutex,0,934,934,0.000000000,46550,52.000000000,52.000000000,1,0.219999999,0.000000000,0.752978265
27.990000000,27.991000000,28.032000000,28.032000000,inside_local_costmap_mutex,0,370,370,1.000000000,53918,42.000000000,42.000000000,1,0.206099421,0.000000000,0.630444288
28.093000000,28.093000000,28.116000000,28.116000000,inside_local_costmap_mutex,0,888,888,0.000000000,27448,23.000000000,23.000000000,1,0.219999999,0.000000000,0.590359688
28.191000000,28.192000000,28.209000000,28.209000000,inside_local_costmap_mutex,0,571,571,1.000000000,24390,18.000000000,18.000000000,1,0.205241293,0.000000000,0.527481377
28.291000000,28.291000000,28.312000000,28.312000000,inside_local_costmap_mutex,0,120,120,0.000000000,24206,21.000000000,21.000000000,1,0.219999999,0.000000000,0.435774058
28.391000000,28.391000000,28.441000000,28.441000000,inside_local_costmap_mutex,0,62,62,0.000000000,52350,50.000000000,50.000000000,1,0.219999999,0.000000000,0.410200685
28.490000000,28.490000000,28.548000000,28.548000000,inside_local_costmap_mutex,0,169,169,0.000000000,55297,58.000000000,58.000000000,1,0.206560239,0.000000000,0.373014659
28.592000000,28.592000000,28.647000000,28.647000000,inside_local_costmap_mutex,0,125,125,0.000000000,53212,55.000000000,55.000000000,1,0.219999999,0.000000000,0.197103575
28.690000000,28.691000000,28.716000000,28.716000000,inside_local_costmap_mutex,0,325,325,1.000000000,30289,26.000000000,26.000000000,1,0.219999999,0.000000000,0.108302079
28.791000000,28.791000000,28.819000000,28.819000000,inside_local_costmap_mutex,0,224,224,0.000000000,36650,28.000000000,28.000000000,1,0.219999999,0.000000000,0.083154276
28.891000000,28.894000000,28.926000000,28.926000000,inside_local_costmap_mutex,0,257,257,3.000000000,38801,35.000000000,35.000000000,1,0.219999999,0.000000000,0.025014447
28.994000000,28.994000000,29.031000000,29.031000000,inside_local_costmap_mutex,0,790,790,0.000000000,32839,37.000000000,37.000000000,1,0.219999999,0.000009985,-0.075343430
29.091000000,29.092000000,29.137000000,29.137000000,inside_local_costmap_mutex,0,511,511,1.000000000,39852,46.000000000,46.000000000,1,0.219999999,0.000024564,0.013894732
29.190000000,29.190000000,29.231000000,29.231000000,inside_local_costmap_mutex,0,206,206,0.000000000,42145,41.000000000,41.000000000,1,0.219999999,0.000000000,-0.076542504
29.292000000,29.292000000,29.329000000,29.329000000,inside_local_costmap_mutex,0,498,498,0.000000000,36712,37.000000000,37.000000000,1,0.219999999,0.000027278,-0.036093395
29.390000000,29.390000000,29.423000000,29.423000000,inside_local_costmap_mutex,0,272,272,0.000000000,35936,33.000000000,33.000000000,1,0.219999999,0.000010496,-0.077388540
29.490000000,29.490000000,29.513000000,29.513000000,inside_local_costmap_mutex,0,204,204,0.000000000,26162,23.000000000,23.000000000,1,0.219999999,0.000057710,-0.095377535
29.591000000,29.591000000,29.626000000,29.626000000,inside_local_costmap_mutex,0,358,358,0.000000000,37793,35.000000000,35.000000000,1,0.219999999,0.000036022,-0.169556513
29.690000000,29.691000000,29.724000000,29.724000000,inside_local_costmap_mutex,0,391,391,1.000000000,34713,34.000000000,34.000000000,1,0.219999999,0.000061934,-0.128988042
29.790000000,29.790000000,29.799000000,29.799000000,inside_local_costmap_mutex,0,157,157,0.000000000,23933,9.000000000,9.000000000,1,0.219999999,0.000045796,-0.285735369
29.890000000,29.890000000,29.922000000,29.922000000,inside_local_costmap_mutex,0,437,437,0.000000000,30561,32.000000000,32.000000000,1,0.206430256,0.000070906,-0.291513145
29.990000000,29.991000000,30.014000000,30.014000000,inside_local_costmap_mutex,0,478,478,1.000000000,24987,24.000000000,24.000000000,1,0.219999999,0.000060041,-0.236729130
30.090000000,30.091000000,30.124000000,30.124000000,inside_local_costmap_mutex,0,143,143,1.000000000,33036,34.000000000,34.000000000,1,0.206439137,0.000146016,-0.217770070
30.190000000,30.190000000,30.217000000,30.217000000,inside_local_costmap_mutex,0,641,641,0.000000000,27211,27.000000000,27.000000000,1,0.219999999,0.000076179,-0.287600160
30.291000000,30.291000000,30.327000000,30.327000000,inside_local_costmap_mutex,0,392,392,0.000000000,40129,36.000000000,36.000000000,1,0.219999999,0.000106141,-0.211336553
30.390000000,30.390000000,30.436000000,30.436000000,inside_local_costmap_mutex,0,249,249,0.000000000,48049,46.000000000,46.000000000,1,0.219999999,0.000082832,-0.312996119
30.491000000,30.491000000,30.526000000,30.526000000,inside_local_costmap_mutex,0,705,705,0.000000000,40964,35.000000000,35.000000000,1,0.219999999,0.000116601,-0.336828917
30.591000000,30.591000000,30.626000000,30.626000000,inside_local_costmap_mutex,0,212,212,0.000000000,36645,35.000000000,35.000000000,1,0.219999999,0.000133572,-0.326659650
30.690000000,30.691000000,30.719000000,30.719000000,inside_local_costmap_mutex,0,451,451,1.000000000,31078,29.000000000,29.000000000,1,0.219999999,0.000120970,-0.270805210
30.790000000,30.790000000,30.835000000,30.835000000,inside_local_costmap_mutex,0,284,284,0.000000000,44117,45.000000000,45.000000000,1,0.219999999,0.000092788,-0.356263220
30.890000000,30.890000000,30.913000000,30.913000000,inside_local_costmap_mutex,0,151,151,0.000000000,25769,23.000000000,23.000000000,1,0.219999999,0.000127844,-0.363436103
30.990000000,30.990000000,31.010000000,31.010000000,inside_local_costmap_mutex,0,464,464,0.000000000,29893,20.000000000,20.000000000,1,0.219999999,0.000134744,-0.157823786
31.091000000,31.091000000,31.115000000,31.115000000,inside_local_costmap_mutex,0,595,595,0.000000000,26513,24.000000000,24.000000000,1,0.219999999,0.000079397,-0.365643322
31.190000000,31.190000000,31.213000000,31.213000000,inside_local_costmap_mutex,0,309,309,0.000000000,27185,23.000000000,23.000000000,1,0.219999999,0.000097717,-0.324633807
31.290000000,31.290000000,31.332000000,31.332000000,inside_local_costmap_mutex,0,592,592,0.000000000,44488,42.000000000,42.000000000,1,0.219999999,0.000100792,-0.382615209
31.390000000,31.391000000,31.426000000,31.426000000,inside_local_costmap_mutex,0,332,332,1.000000000,37964,36.000000000,36.000000000,1,0.219999999,0.000139147,-0.373943835
31.491000000,31.491000000,31.515000000,31.515000000,inside_local_costmap_mutex,0,435,435,0.000000000,26275,24.000000000,24.000000000,1,0.219999999,0.000136508,-0.185378060
31.590000000,31.590000000,31.630000000,31.630000000,inside_local_costmap_mutex,0,525,525,0.000000000,38199,40.000000000,40.000000000,1,0.219999999,0.000127755,-0.361738563
31.691000000,31.691000000,31.726000000,31.726000000,inside_local_costmap_mutex,0,184,184,0.000000000,33776,35.000000000,35.000000000,1,0.219999999,0.000073675,-0.284050643
31.790000000,31.791000000,31.815000000,31.815000000,inside_local_costmap_mutex,0,464,464,1.000000000,26725,25.000000000,25.000000000,1,0.219999999,0.000102630,-0.308421761
31.890000000,31.890000000,31.907000000,31.907000000,inside_local_costmap_mutex,0,141,141,0.000000000,25040,17.000000000,17.000000000,1,0.219999999,0.000113517,-0.349746674
31.990000000,31.990000000,32.020000000,32.020000000,inside_local_costmap_mutex,0,495,495,0.000000000,29108,30.000000000,30.000000000,1,0.207014844,0.000127322,-0.342036873
32.090000000,32.090000000,32.128000000,32.128000000,inside_local_costmap_mutex,0,135,135,0.000000000,38440,38.000000000,38.000000000,1,0.219999999,0.000130294,-0.189396963
32.191000000,32.192000000,32.212000000,32.212000000,inside_local_costmap_mutex,0,692,692,1.000000000,25740,21.000000000,21.000000000,1,0.206306964,0.000140325,-0.313626289
32.290000000,32.291000000,32.323000000,32.323000000,inside_local_costmap_mutex,0,493,493,1.000000000,28593,33.000000000,33.000000000,1,0.219999999,0.000113397,-0.223894745
32.390000000,32.391000000,32.437000000,32.437000000,inside_local_costmap_mutex,0,172,172,1.000000000,44373,47.000000000,47.000000000,1,0.219999999,0.000080919,-0.216621324
32.490000000,32.491000000,32.506000000,32.506000000,inside_local_costmap_mutex,0,470,470,1.000000000,24216,16.000000000,16.000000000,1,0.219999999,0.000097153,-0.207679734
32.590000000,32.590000000,32.614000000,32.614000000,inside_local_costmap_mutex,0,557,557,0.000000000,29606,24.000000000,24.000000000,1,0.219999999,0.000072962,-0.197903797
32.691000000,32.691000000,32.729000000,32.729000000,inside_local_costmap_mutex,0,610,610,0.000000000,35292,38.000000000,38.000000000,1,0.219999999,0.000080579,-0.200542673
32.790000000,32.791000000,32.813000000,32.813000000,inside_local_costmap_mutex,0,472,472,1.000000000,25340,23.000000000,23.000000000,1,0.219999999,0.000075736,-0.127820000
32.890000000,32.890000000,32.911000000,32.911000000,inside_local_costmap_mutex,0,562,562,0.000000000,22519,21.000000000,21.000000000,1,0.206906185,0.000044418,-0.104198769
32.991000000,32.991000000,33.016000000,33.016000000,inside_local_costmap_mutex,0,705,705,0.000000000,25791,25.000000000,25.000000000,1,0.219999999,0.000035630,-0.114763021
33.090000000,33.090000000,33.132000000,33.132000000,inside_local_costmap_mutex,0,111,111,0.000000000,39620,42.000000000,42.000000000,1,0.219999999,0.000046680,-0.122179657
33.190000000,33.190000000,33.212000000,33.212000000,inside_local_costmap_mutex,0,1537,1537,0.000000000,31307,22.000000000,22.000000000,1,0.219999999,0.000065135,-0.120521396
33.291000000,33.292000000,33.332000000,33.332000000,inside_local_costmap_mutex,0,370,370,1.000000000,37969,41.000000000,41.000000000,1,0.219999999,0.000046097,-0.113824308
33.390000000,33.390000000,33.414000000,33.414000000,inside_local_costmap_mutex,0,167,167,0.000000000,30480,24.000000000,24.000000000,1,0.206894770,0.000034913,-0.105721004
33.490000000,33.490000000,33.521000000,33.521000000,inside_local_costmap_mutex,0,487,487,0.000000000,30730,31.000000000,31.000000000,1,0.219999999,0.000034490,-0.032622635
33.591000000,33.591000000,33.625000000,33.625000000,inside_local_costmap_mutex,0,318,318,0.000000000,38834,34.000000000,34.000000000,1,0.206865519,0.000003226,-0.103922613
33.690000000,33.691000000,33.725000000,33.725000000,inside_local_costmap_mutex,0,456,456,1.000000000,41810,35.000000000,35.000000000,1,0.219999999,0.000000000,-0.048245389
33.790000000,33.790000000,33.815000000,33.815000000,inside_local_costmap_mutex,0,92,92,0.000000000,31176,25.000000000,25.000000000,1,0.219999999,0.000031751,-0.045017164
33.891000000,33.891000000,33.941000000,33.941000000,inside_local_costmap_mutex,0,377,377,0.000000000,46039,50.000000000,50.000000000,1,0.206835508,0.000031568,-0.047604945
33.990000000,33.990000000,34.022000000,34.022000000,inside_local_costmap_mutex,0,399,399,0.000000000,37307,32.000000000,32.000000000,1,0.219999999,0.000049172,-0.289783090
34.090000000,34.091000000,34.128000000,34.128000000,inside_local_costmap_mutex,0,443,443,1.000000000,35545,38.000000000,38.000000000,1,0.219999999,0.000096572,-0.292789400
34.191000000,34.192000000,34.226000000,34.226000000,inside_local_costmap_mutex,0,209,209,1.000000000,34899,35.000000000,35.000000000,1,0.219999999,0.000127619,-0.272156626
34.291000000,34.291000000,34.324000000,34.324000000,inside_local_costmap_mutex,0,127,127,0.000000000,36210,33.000000000,33.000000000,1,0.206971124,0.000100589,-0.248794690
34.391000000,34.391000000,34.413000000,34.413000000,inside_local_costmap_mutex,0,298,298,0.000000000,23763,22.000000000,22.000000000,1,0.219999999,0.000106320,-0.238715500
34.490000000,34.490000000,34.528000000,34.528000000,inside_local_costmap_mutex,0,55,55,0.000000000,36017,38.000000000,38.000000000,1,0.219999999,0.000086665,-0.213387266
34.591000000,34.591000000,34.636000000,34.636000000,inside_local_costmap_mutex,0,469,469,0.000000000,45053,45.000000000,45.000000000,1,0.219999999,0.000078692,-0.204802424
34.690000000,34.690000000,34.729000000,34.729000000,inside_local_costmap_mutex,0,467,467,0.000000000,39469,39.000000000,39.000000000,1,0.219999999,0.000074574,-0.181106031
34.790000000,34.790000000,34.814000000,34.814000000,inside_local_costmap_mutex,0,362,362,0.000000000,31480,24.000000000,24.000000000,1,0.219999999,0.000070420,-0.173485428
34.890000000,34.891000000,34.930000000,34.930000000,inside_local_costmap_mutex,0,331,331,1.000000000,42596,40.000000000,40.000000000,1,0.219999999,0.000060296,-0.164692715
34.990000000,34.990000000,35.012000000,35.012000000,inside_local_costmap_mutex,0,210,210,0.000000000,25682,22.000000000,22.000000000,1,0.219999999,0.000060338,-0.139846742
35.090000000,35.090000000,35.133000000,35.133000000,inside_local_costmap_mutex,0,509,509,0.000000000,45008,43.000000000,43.000000000,1,0.206915364,0.000051171,-0.131814122
35.192000000,35.192000000,35.248000000,35.248000000,inside_local_costmap_mutex,0,500,500,0.000000000,51136,56.000000000,56.000000000,1,0.206527531,0.000076390,-0.120592937
35.290000000,35.291000000,35.324000000,35.324000000,inside_local_costmap_mutex,0,354,354,1.000000000,36649,34.000000000,34.000000000,1,0.219999999,0.000040761,-0.112774052
35.395000000,35.395000000,35.427000000,35.427000000,inside_local_costmap_mutex,0,291,291,0.000000000,30311,32.000000000,32.000000000,1,0.219999999,0.000080789,-0.102319837
35.490000000,35.491000000,35.532000000,35.532000000,inside_local_costmap_mutex,0,526,526,1.000000000,37315,42.000000000,42.000000000,1,0.206892237,0.000037835,-0.094284125
35.591000000,35.591000000,35.650000000,35.651000000,inside_local_costmap_mutex,0,234,234,0.000000000,58884,59.000000000,60.000000000,1,0.219999999,0.000077984,0.055195019
35.690000000,35.691000000,35.728000000,35.728000000,inside_local_costmap_mutex,0,523,523,1.000000000,37351,38.000000000,38.000000000,1,0.219999999,0.000021905,0.015997231
35.791000000,35.791000000,35.822000000,35.822000000,inside_local_costmap_mutex,0,107,107,0.000000000,32020,31.000000000,31.000000000,1,0.206665874,0.000017389,-0.068250999
35.890000000,35.890000000,35.910000000,35.910000000,inside_local_costmap_mutex,0,96,96,0.000000000,24400,20.000000000,20.000000000,1,0.206170514,0.000028666,-0.043608822
35.991000000,35.991000000,36.012000000,36.012000000,inside_local_costmap_mutex,0,839,839,0.000000000,24776,21.000000000,21.000000000,1,0.219999999,0.000012500,-0.052250769
36.091000000,36.092000000,36.113000000,36.113000000,inside_local_costmap_mutex,0,430,430,1.000000000,23370,22.000000000,22.000000000,1,0.219999999,0.000057808,-0.043959543
36.193000000,36.193000000,36.232000000,36.232000000,inside_local_costmap_mutex,0,379,379,0.000000000,40279,39.000000000,39.000000000,1,0.219999999,0.000000000,-0.036086772
36.292000000,36.293000000,36.315000000,36.315000000,inside_local_costmap_mutex,0,123,123,1.000000000,31305,23.000000000,23.000000000,1,0.219999999,0.000004231,-0.044276562
36.391000000,36.391000000,36.408000000,36.408000000,inside_local_costmap_mutex,0,114,114,0.000000000,25540,17.000000000,17.000000000,1,0.219999999,0.000015667,0.045710102
36.490000000,36.490000000,36.527000000,36.527000000,inside_local_costmap_mutex,0,387,387,0.000000000,36983,37.000000000,37.000000000,1,0.219999999,0.000000000,0.036930982
36.590000000,36.590000000,36.622000000,36.622000000,inside_local_costmap_mutex,0,161,161,0.000000000,32696,32.000000000,32.000000000,1,0.206835449,0.000000000,0.044440027
36.692000000,36.692000000,36.723000000,36.723000000,inside_local_costmap_mutex,0,609,609,0.000000000,36060,31.000000000,31.000000000,1,0.219999999,0.000000000,0.046338372
36.792000000,36.792000000,36.824000000,36.824000000,inside_local_costmap_mutex,0,296,296,0.000000000,33871,32.000000000,32.000000000,1,0.219999999,0.000023108,0.038137529
36.890000000,36.890000000,36.923000000,36.923000000,inside_local_costmap_mutex,0,553,553,0.000000000,31875,33.000000000,33.000000000,1,0.219999999,0.000000000,0.111693911
36.990000000,36.990000000,37.014000000,37.014000000,inside_local_costmap_mutex,0,243,243,0.000000000,27603,24.000000000,24.000000000,1,0.219999999,0.000000000,0.102903098
37.090000000,37.090000000,37.122000000,37.122000000,inside_local_costmap_mutex,0,209,209,0.000000000,35506,32.000000000,32.000000000,1,0.219999999,0.000000000,0.094472773
37.190000000,37.191000000,37.210000000,37.210000000,inside_local_costmap_mutex,0,316,316,1.000000000,24865,20.000000000,20.000000000,1,0.219999999,0.000000000,0.086151630
37.290000000,37.290000000,37.329000000,37.329000000,inside_local_costmap_mutex,0,83,83,0.000000000,37512,39.000000000,39.000000000,1,0.206795916,0.000000000,0.077994138
37.391000000,37.391000000,37.422000000,37.422000000,inside_local_costmap_mutex,0,563,563,0.000000000,31353,31.000000000,31.000000000,1,0.219999999,0.000021316,0.153024465
37.490000000,37.491000000,37.520000000,37.520000000,inside_local_costmap_mutex,0,570,570,1.000000000,28970,30.000000000,30.000000000,1,0.219999999,0.000000000,0.226462945
37.590000000,37.590000000,37.617000000,37.617000000,inside_local_costmap_mutex,0,359,359,0.000000000,30943,27.000000000,27.000000000,1,0.206739455,0.000000000,0.133696601
37.690000000,37.690000000,37.716000000,37.716000000,inside_local_costmap_mutex,0,387,387,0.000000000,30338,26.000000000,26.000000000,1,0.219999999,0.000000000,0.181360871
37.790000000,37.790000000,37.807000000,37.807000000,inside_local_costmap_mutex,0,272,272,0.000000000,26370,17.000000000,17.000000000,1,0.219999999,0.000000000,0.239214435
37.890000000,37.890000000,37.915000000,37.915000000,inside_local_costmap_mutex,0,54,54,0.000000000,24941,25.000000000,25.000000000,1,0.206730634,0.000000000,0.231295392
37.991000000,37.991000000,38.028000000,38.028000000,inside_local_costmap_mutex,0,121,121,0.000000000,42788,37.000000000,37.000000000,1,0.219999999,0.000000000,0.191278443
38.090000000,38.090000000,38.142000000,38.142000000,inside_local_costmap_mutex,0,146,146,0.000000000,49477,52.000000000,52.000000000,1,0.219999999,0.000000000,0.257305354
38.190000000,38.190000000,38.245000000,38.245000000,inside_local_costmap_mutex,0,61,61,0.000000000,53920,55.000000000,55.000000000,1,0.219999999,0.000000000,0.225757986
38.291000000,38.291000000,38.312000000,38.312000000,inside_local_costmap_mutex,0,222,222,0.000000000,24119,21.000000000,21.000000000,1,0.219999999,0.000000000,0.382550895
38.390000000,38.392000000,38.421000000,38.421000000,inside_local_costmap_mutex,0,1530,1530,2.000000000,35925,31.000000000,31.000000000,1,0.206665158,0.000000000,0.359380037
38.491000000,38.491000000,38.521000000,38.521000000,inside_local_costmap_mutex,0,536,536,0.000000000,32483,30.000000000,30.000000000,1,0.219999999,0.000000000,0.199556217
38.591000000,38.591000000,38.617000000,38.617000000,inside_local_costmap_mutex,0,82,82,0.000000000,28833,26.000000000,26.000000000,1,0.219999999,0.000000000,0.249410987
38.690000000,38.691000000,38.721000000,38.721000000,inside_local_costmap_mutex,0,180,180,1.000000000,32729,31.000000000,31.000000000,1,0.219999999,0.000000000,0.318419158
38.790000000,38.790000000,38.809000000,38.809000000,inside_local_costmap_mutex,0,392,392,0.000000000,22922,19.000000000,19.000000000,1,0.219999999,0.000000000,0.262971610
38.891000000,38.891000000,38.926000000,38.926000000,inside_local_costmap_mutex,0,207,207,0.000000000,33235,35.000000000,35.000000000,1,0.219999999,0.000000000,0.321566492
38.990000000,38.990000000,39.012000000,39.012000000,inside_local_costmap_mutex,0,271,271,0.000000000,28205,22.000000000,22.000000000,1,0.219999999,0.000000000,0.389065683
39.094000000,39.094000000,39.137000000,39.137000000,inside_local_costmap_mutex,0,1062,1062,0.000000000,40966,43.000000000,43.000000000,1,0.219999999,0.000000000,0.231689870
39.190000000,39.191000000,39.216000000,39.216000000,inside_local_costmap_mutex,0,205,205,1.000000000,25237,26.000000000,26.000000000,1,0.219999999,0.000000000,0.328538984
39.291000000,39.291000000,39.325000000,39.325000000,inside_local_costmap_mutex,0,202,202,0.000000000,34867,34.000000000,34.000000000,1,0.219999999,0.000000000,0.343103290
39.391000000,39.391000000,39.409000000,39.409000000,inside_local_costmap_mutex,0,125,125,0.000000000,26810,18.000000000,18.000000000,1,0.219999999,0.000000000,0.418443561
39.490000000,39.491000000,39.522000000,39.522000000,inside_local_costmap_mutex,0,849,849,1.000000000,29698,32.000000000,32.000000000,1,0.219999999,0.000000000,0.212711111
39.593000000,39.597000000,39.626000000,39.626000000,inside_local_costmap_mutex,0,4620,4620,4.000000000,34818,33.000000000,33.000000000,1,0.219999999,0.000004720,0.274572372
39.690000000,39.690000000,39.708000000,39.708000000,inside_local_costmap_mutex,0,660,660,0.000000000,24744,18.000000000,18.000000000,1,0.219999999,0.000000000,0.364856124
39.790000000,39.790000000,39.819000000,39.819000000,inside_local_costmap_mutex,0,499,499,0.000000000,34445,29.000000000,29.000000000,1,0.206654176,0.000000000,0.340639323
39.890000000,39.890000000,39.920000000,39.920000000,inside_local_costmap_mutex,0,577,577,0.000000000,33065,30.000000000,30.000000000,1,0.219999999,0.000000000,0.382176518
39.991000000,39.998000000,40.026000000,40.026000000,inside_local_costmap_mutex,0,9700,9700,7.000000000,30334,35.000000000,35.000000000,1,0.219999999,0.000000000,0.314642072
40.091000000,40.091000000,40.113000000,40.113000000,inside_local_costmap_mutex,0,676,676,0.000000000,21195,22.000000000,22.000000000,1,0.219999999,0.000000000,0.289819181
40.190000000,40.192000000,40.223000000,40.223000000,inside_local_costmap_mutex,0,644,644,2.000000000,31859,33.000000000,33.000000000,1,0.219999999,0.000000000,0.313857108
40.290000000,40.290000000,40.324000000,40.324000000,inside_local_costmap_mutex,0,128,128,0.000000000,30343,34.000000000,34.000000000,1,0.206600666,0.000000000,0.298559487
40.391000000,40.391000000,40.420000000,40.420000000,inside_local_costmap_mutex,0,296,296,0.000000000,31352,29.000000000,29.000000000,1,0.219999999,0.000000000,0.160192460
40.490000000,40.490000000,40.523000000,40.523000000,inside_local_costmap_mutex,0,460,460,0.000000000,31580,33.000000000,33.000000000,1,0.219999999,0.000000000,0.239025876
40.590000000,40.590000000,40.622000000,40.622000000,inside_local_costmap_mutex,0,80,80,0.000000000,36136,32.000000000,32.000000000,1,0.219999999,0.000000000,0.198372304
40.690000000,40.690000000,40.743000000,40.743000000,inside_local_costmap_mutex,0,165,165,0.000000000,52056,53.000000000,53.000000000,1,0.219999999,0.000000000,0.258700550
40.790000000,40.790000000,40.819000000,40.819000000,inside_local_costmap_mutex,0,112,112,0.000000000,33199,29.000000000,29.000000000,1,0.219999999,0.000000000,0.199423552
40.890000000,40.890000000,40.908000000,40.908000000,inside_local_costmap_mutex,0,592,592,0.000000000,22497,18.000000000,18.000000000,1,0.219999999,0.000000000,0.274120897
40.991000000,40.991000000,41.020000000,41.020000000,inside_local_costmap_mutex,0,270,270,0.000000000,31536,29.000000000,29.000000000,1,0.219999999,0.000000000,0.168572545
41.091000000,41.092000000,41.118000000,41.118000000,inside_local_costmap_mutex,0,409,409,1.000000000,27014,27.000000000,27.000000000,1,0.206765458,0.000000000,0.160597742
41.190000000,41.190000000,41.228000000,41.228000000,inside_local_costmap_mutex,0,224,224,0.000000000,36101,38.000000000,38.000000000,1,0.191321433,0.000000000,0.158859327
41.291000000,41.291000000,41.315000000,41.315000000,inside_local_costmap_mutex,0,420,420,0.000000000,24684,24.000000000,24.000000000,1,0.219999999,0.000000000,0.099554703
41.392000000,41.392000000,41.424000000,41.424000000,inside_local_costmap_mutex,0,475,475,0.000000000,33124,32.000000000,32.000000000,1,0.205800444,0.000000000,0.090578392
41.490000000,41.490000000,41.515000000,41.515000000,inside_local_costmap_mutex,0,451,451,0.000000000,27062,25.000000000,25.000000000,1,0.191999227,0.000000000,0.073404282
41.590000000,41.590000000,41.618000000,41.618000000,inside_local_costmap_mutex,0,78,78,0.000000000,29252,28.000000000,28.000000000,1,0.219999999,0.000000000,0.029670453
41.690000000,41.690000000,41.733000000,41.733000000,inside_local_costmap_mutex,0,413,413,0.000000000,41773,43.000000000,43.000000000,1,0.219999999,0.000058000,-0.020631667
41.792000000,41.792000000,41.820000000,41.820000000,inside_local_costmap_mutex,0,209,209,0.000000000,31580,28.000000000,28.000000000,1,0.219999999,0.000016688,0.101365916
41.896000000,41.896000000,41.925000000,41.925000000,inside_local_costmap_mutex,0,751,751,0.000000000,35889,29.000000000,29.000000000,1,0.219999999,0.000000000,0.000000000
41.991000000,41.991000000,42.016000000,42.016000000,inside_local_costmap_mutex,0,71,71,0.000000000,33488,25.000000000,25.000000000,1,0.219999999,0.000000000,-0.006833089
42.091000000,42.091000000,42.114000000,42.114000000,inside_local_costmap_mutex,0,222,222,0.000000000,23893,23.000000000,23.000000000,1,0.219999999,0.000017842,0.000000000
42.190000000,42.191000000,42.221000000,42.221000000,inside_local_costmap_mutex,0,1453,1453,1.000000000,27943,31.000000000,31.000000000,1,0.219999999,0.000001760,-0.157533124
42.290000000,42.291000000,42.314000000,42.314000000,inside_local_costmap_mutex,0,374,374,1.000000000,29915,24.000000000,24.000000000,1,0.206873685,0.000089823,-0.150131732
42.390000000,42.390000000,42.415000000,42.415000000,inside_local_costmap_mutex,0,524,524,0.000000000,26334,25.000000000,25.000000000,1,0.219999999,0.000050449,-0.027533069
42.491000000,42.491000000,42.521000000,42.521000000,inside_local_costmap_mutex,0,422,422,0.000000000,32143,30.000000000,30.000000000,1,0.219999999,0.000009308,-0.198759034
42.590000000,42.590000000,42.613000000,42.613000000,inside_local_costmap_mutex,0,186,186,0.000000000,28365,23.000000000,23.000000000,1,0.206890717,0.000033939,-0.216558367
42.695000000,42.695000000,42.732000000,42.732000000,inside_local_costmap_mutex,0,209,209,0.000000000,38203,37.000000000,37.000000000,1,0.219999999,0.000079683,-0.308441460
42.793000000,42.793000000,42.816000000,42.816000000,inside_local_costmap_mutex,0,310,310,0.000000000,39171,23.000000000,23.000000000,1,0.219999999,0.000072983,-0.168689370
42.896000000,42.897000000,42.942000000,42.942000000,inside_local_costmap_mutex,0,699,699,1.000000000,41770,46.000000000,46.000000000,1,0.219999999,0.000075555,-0.258293718
42.990000000,42.990000000,43.014000000,43.014000000,inside_local_costmap_mutex,0,161,161,0.000000000,27391,24.000000000,24.000000000,1,0.219999999,0.000093758,-0.200275138
43.090000000,43.090000000,43.129000000,43.129000000,inside_local_costmap_mutex,0,469,469,0.000000000,40662,39.000000000,39.000000000,1,0.219999999,0.000099412,-0.260980427
43.190000000,43.190000000,43.248000000,43.248000000,inside_local_costmap_mutex,0,260,260,0.000000000,58816,58.000000000,58.000000000,1,0.219999999,0.000119081,-0.187777445
43.290000000,43.290000000,43.321000000,43.321000000,inside_local_costmap_mutex,0,365,365,0.000000000,32265,31.000000000,31.000000000,1,0.219999999,0.000091694,-0.268638015
43.391000000,43.391000000,43.417000000,43.417000000,inside_local_costmap_mutex,0,211,211,0.000000000,31423,26.000000000,26.000000000,1,0.219999999,0.000097930,-0.342021555
43.490000000,43.490000000,43.525000000,43.525000000,inside_local_costmap_mutex,0,378,378,0.000000000,33808,35.000000000,35.000000000,1,0.207009435,0.000125962,-0.333883435
43.590000000,43.590000000,43.621000000,43.621000000,inside_local_costmap_mutex,0,617,617,0.000000000,32857,31.000000000,31.000000000,1,0.219999999,0.000106819,-0.352447182
43.690000000,43.691000000,43.715000000,43.715000000,inside_local_costmap_mutex,0,549,549,1.000000000,24380,25.000000000,25.000000000,1,0.206393912,0.000149450,-0.332982779
43.790000000,43.790000000,43.811000000,43.811000000,inside_local_costmap_mutex,0,487,487,0.000000000,28658,21.000000000,21.000000000,1,0.219999999,0.000119360,-0.357398778
43.890000000,43.891000000,43.915000000,43.915000000,inside_local_costmap_mutex,0,484,484,1.000000000,24261,25.000000000,25.000000000,1,0.207012132,0.000131860,-0.349535257
43.990000000,43.990000000,44.031000000,44.031000000,inside_local_costmap_mutex,0,603,603,0.000000000,41250,41.000000000,41.000000000,1,0.219999999,0.000125167,-0.292717993
44.091000000,44.091000000,44.111000000,44.111000000,inside_local_costmap_mutex,0,314,314,0.000000000,25795,20.000000000,20.000000000,1,0.206646740,0.000067596,-0.274102122
44.190000000,44.190000000,44.218000000,44.218000000,inside_local_costmap_mutex,0,367,367,0.000000000,28034,28.000000000,28.000000000,1,0.219999999,0.000120099,-0.348854870
44.290000000,44.291000000,44.321000000,44.321000000,inside_local_costmap_mutex,0,899,899,1.000000000,31648,31.000000000,31.000000000,1,0.206991658,0.000121710,-0.327568769
44.391000000,44.391000000,44.428000000,44.428000000,inside_local_costmap_mutex,0,181,181,0.000000000,35651,37.000000000,37.000000000,1,0.219999999,0.000136277,-0.377376139
44.491000000,44.491000000,44.529000000,44.529000000,inside_local_costmap_mutex,0,537,537,0.000000000,40394,38.000000000,38.000000000,1,0.219999999,0.000107920,-0.364378393
44.591000000,44.591000000,44.614000000,44.614000000,inside_local_costmap_mutex,0,199,199,0.000000000,27085,23.000000000,23.000000000,1,0.219999999,0.000129623,-0.355793625
44.690000000,44.690000000,44.722000000,44.722000000,inside_local_costmap_mutex,0,214,214,0.000000000,32440,32.000000000,32.000000000,1,0.207009718,0.000137919,-0.330620974
44.791000000,44.791000000,44.814000000,44.814000000,inside_local_costmap_mutex,0,646,646,0.000000000,25232,23.000000000,23.000000000,1,0.219999999,0.000042818,-0.318198383
44.890000000,44.891000000,44.912000000,44.912000000,inside_local_costmap_mutex,0,279,279,1.000000000,24311,22.000000000,22.000000000,1,0.206993923,0.000117996,-0.294783354
44.991000000,44.991000000,45.026000000,45.026000000,inside_local_costmap_mutex,0,446,446,0.000000000,35980,35.000000000,35.000000000,1,0.192648098,0.000108651,-0.276064575
45.090000000,45.090000000,45.127000000,45.127000000,inside_local_costmap_mutex,0,385,385,0.000000000,33975,37.000000000,37.000000000,1,0.219999999,0.000098957,-0.266381294
45.192000000,45.192000000,45.228000000,45.228000000,inside_local_costmap_mutex,0,353,353,0.000000000,36103,36.000000000,36.000000000,1,0.206694603,0.000112384,-0.235913888
45.291000000,45.291000000,45.311000000,45.311000000,inside_local_costmap_mutex,0,2065,2065,0.000000000,25022,20.000000000,20.000000000,1,0.219999999,0.000059215,-0.233713076
45.391000000,45.391000000,45.426000000,45.426000000,inside_local_costmap_mutex,0,237,237,0.000000000,38658,35.000000000,35.000000000,1,0.206948221,0.000122779,-0.209119409
45.490000000,45.490000000,45.512000000,45.512000000,inside_local_costmap_mutex,0,67,67,0.000000000,25603,22.000000000,22.000000000,1,0.219999999,0.000067741,-0.197945327
45.591000000,45.592000000,45.626000000,45.626000000,inside_local_costmap_mutex,0,181,181,1.000000000,40129,35.000000000,35.000000000,1,0.206935003,0.000072216,-0.189375550
45.690000000,45.690000000,45.720000000,45.720000000,inside_local_costmap_mutex,0,286,286,0.000000000,33932,30.000000000,30.000000000,1,0.192497924,0.000067860,-0.180755049
45.791000000,45.791000000,45.820000000,45.820000000,inside_local_costmap_mutex,0,360,360,0.000000000,31594,29.000000000,29.000000000,1,0.219999999,0.000049004,-0.171190500
45.890000000,45.890000000,45.925000000,45.925000000,inside_local_costmap_mutex,0,398,398,0.000000000,36707,35.000000000,35.000000000,1,0.205518574,0.000119265,-0.157234281
45.990000000,45.991000000,46.027000000,46.027000000,inside_local_costmap_mutex,0,600,600,1.000000000,39240,37.000000000,37.000000000,1,0.219999999,0.000053621,-0.146969423
46.090000000,46.091000000,46.112000000,46.112000000,inside_local_costmap_mutex,0,290,290,1.000000000,24202,22.000000000,22.000000000,1,0.219999999,0.000050839,-0.137208506
46.191000000,46.191000000,46.234000000,46.234000000,inside_local_costmap_mutex,0,206,206,0.000000000,42956,43.000000000,43.000000000,1,0.206914529,0.000047723,-0.129511937
46.290000000,46.290000000,46.315000000,46.315000000,inside_local_costmap_mutex,0,539,539,0.000000000,28432,25.000000000,25.000000000,1,0.192658424,0.000055699,-0.118681662
46.391000000,46.391000000,46.414000000,46.414000000,inside_local_costmap_mutex,0,172,172,0.000000000,28561,23.000000000,23.000000000,1,0.176872239,0.000013932,-0.114518277
46.491000000,46.491000000,46.517000000,46.517000000,inside_local_costmap_mutex,0,458,458,0.000000000,27112,26.000000000,26.000000000,1,0.173862636,0.000040350,-0.106203169
46.590000000,46.590000000,46.620000000,46.620000000,inside_local_costmap_mutex,0,250,250,0.000000000,29764,30.000000000,30.000000000,1,0.157854721,0.000036846,-0.098267086
46.691000000,46.691000000,46.715000000,46.715000000,inside_local_costmap_mutex,0,459,459,0.000000000,23031,24.000000000,24.000000000,1,0.155141324,0.000038774,-0.091169663
46.792000000,46.792000000,46.812000000,46.812000000,inside_local_costmap_mutex,0,419,419,0.000000000,20870,20.000000000,20.000000000,1,0.137393937,0.000028997,-0.083323844
46.891000000,46.891000000,46.920000000,46.920000000,inside_local_costmap_mutex,0,569,569,0.000000000,30835,29.000000000,29.000000000,1,0.133155376,0.000023274,-0.077951267
46.990000000,46.990000000,47.018000000,47.018000000,inside_local_costmap_mutex,0,125,125,0.000000000,31992,28.000000000,28.000000000,1,0.113791808,0.000025377,-0.072809197
47.090000000,47.090000000,47.124000000,47.124000000,inside_local_costmap_mutex,0,347,347,0.000000000,35646,34.000000000,34.000000000,1,0.111568235,0.000016001,-0.064005233
47.190000000,47.190000000,47.211000000,47.211000000,inside_local_costmap_mutex,0,248,248,0.000000000,24248,21.000000000,21.000000000,1,0.125799373,0.000019442,-0.055921320
47.291000000,47.291000000,47.311000000,47.311000000,inside_local_costmap_mutex,0,559,559,0.000000000,23816,20.000000000,20.000000000,1,0.111452185,0.000018619,-0.048118953
47.391000000,47.391000000,47.426000000,47.426000000,inside_local_costmap_mutex,0,1189,1189,0.000000000,39111,35.000000000,35.000000000,1,0.125768915,0.000015219,-0.040640656
47.491000000,47.491000000,47.521000000,47.521000000,inside_local_costmap_mutex,0,176,176,0.000000000,28986,30.000000000,30.000000000,1,0.113954313,0.000000000,-0.036869179
47.592000000,47.592000000,47.629000000,47.629000000,inside_local_costmap_mutex,0,245,245,0.000000000,43640,37.000000000,37.000000000,1,0.111610040,0.000021615,-0.033464622
47.691000000,47.691000000,47.710000000,47.710000000,inside_local_costmap_mutex,0,261,261,0.000000000,27451,19.000000000,19.000000000,1,0.125676900,0.000000000,-0.020218404
47.790000000,47.790000000,47.818000000,47.818000000,inside_local_costmap_mutex,0,160,160,0.000000000,30842,28.000000000,28.000000000,1,0.110460132,0.000017963,-0.029858548
47.890000000,47.890000000,47.915000000,47.915000000,inside_local_costmap_mutex,0,298,298,0.000000000,24722,25.000000000,25.000000000,1,0.126646608,0.000000000,-0.024364604
47.991000000,47.992000000,47.992000000,47.992000000,inside_local_costmap_mutex,0,1518,1518,1.000000000,238,1.000000000,1.000000000,1,0.000000000,0.000060563,-0.000000000
48.090000000,48.091000000,48.091000000,48.091000000,inside_local_costmap_mutex,0,431,431,1.000000000,192,1.000000000,1.000000000,1,0.000000000,-0.000078190,0.000000000
48.190000000,48.190000000,48.190000000,48.190000000,inside_local_costmap_mutex,0,391,391,0.000000000,352,0.000000000,0.000000000,1,0.000000000,-0.000049053,0.000000000
48.292000000,48.292000000,48.293000000,48.293000000,inside_local_costmap_mutex,0,373,373,0.000000000,381,1.000000000,1.000000000,1,0.000000000,0.000000000,1.370000000
48.390000000,48.390000000,48.390000000,48.390000000,inside_local_costmap_mutex,0,409,409,0.000000000,334,0.000000000,0.000000000,1,0.000000000,0.000000000,1.370000000
48.490000000,48.490000000,48.491000000,48.491000000,inside_local_costmap_mutex,0,209,209,0.000000000,438,1.000000000,1.000000000,1,0.000000000,0.000000000,1.438160886
48.590000000,48.590000000,48.590000000,48.590000000,inside_local_costmap_mutex,0,481,481,0.000000000,503,0.000000000,0.000000000,1,0.000000000,0.000000000,1.370000000
48.692000000,48.692000000,48.692000000,48.692000000,inside_local_costmap_mutex,0,251,251,0.000000000,405,0.000000000,0.000000000,1,0.000000000,0.000000000,1.370000000
48.790000000,48.791000000,48.791000000,48.791000000,inside_local_costmap_mutex,0,384,384,1.000000000,300,1.000000000,1.000000000,1,0.000000000,0.000000000,1.370000000
48.890000000,48.891000000,48.891000000,48.891000000,inside_local_costmap_mutex,0,204,204,1.000000000,354,1.000000000,1.000000000,1,0.000000000,0.000000000,1.370000000
48.990000000,48.990000000,48.990000000,48.990000000,inside_local_costmap_mutex,0,212,212,0.000000000,296,0.000000000,0.000000000,1,0.000000000,0.000000000,1.370000000
49.090000000,49.091000000,49.091000000,49.091000000,inside_local_costmap_mutex,0,272,272,1.000000000,351,1.000000000,1.000000000,1,0.000000000,0.000000000,1.370000000
49.191000000,49.192000000,49.192000000,49.192000000,inside_local_costmap_mutex,0,257,257,1.000000000,373,1.000000000,1.000000000,1,0.000000000,0.000000000,1.370000000
49.291000000,49.291000000,49.291000000,49.291000000,inside_local_costmap_mutex,0,148,148,0.000000000,362,0.000000000,0.000000000,1,0.000000000,0.000000000,1.370000000
49.390000000,49.391000000,49.391000000,49.391000000,inside_local_costmap_mutex,0,544,544,1.000000000,250,1.000000000,1.000000000,1,0.000000000,0.000000000,1.370000000
49.490000000,49.491000000,49.491000000,49.491000000,inside_local_costmap_mutex,0,443,443,1.000000000,78,1.000000000,1.000000000,1,0.000000000,0.000000000,0.000000000
49.590000000,49.590000000,49.590000000,49.590000000,inside_local_costmap_mutex,0,666,666,0.000000000,69,0.000000000,0.000000000,1,0.000000000,0.000000000,0.000000000
