experiment,run_id,delay_ms,injection_point,bag_file,bag_duration_s,goal_ros_time_s,result_ros_time_s,mission_duration_s,observation_duration_s,result_from_bag,odom_path_length_m,minimum_scan_m,mean_abs_linear_cmd_m_s,max_abs_linear_cmd_m_s,mean_abs_angular_cmd_rad_s,max_abs_angular_cmd_rad_s,stop_command_fraction,mean_cmd_gap_ms,median_cmd_gap_ms,p95_cmd_gap_ms,max_cmd_gap_ms,mean_scan_age_ms,max_scan_age_ms,mean_amcl_age_ms,max_amcl_age_ms,startup_window_s,startup_path_length_5s_m,startup_net_displacement_5s_m,startup_efficiency_5s,startup_angular_sign_changes_5s,startup_reverse_cmd_count_5s,startup_mean_abs_angular_cmd_rad_s,startup_max_abs_angular_cmd_rad_s,time_to_first_motion_s,odom_messages_mission,scan_messages_mission,amcl_messages_mission,cmd_vel_messages_mission,timing_file,timing_scope,timing_event_count_total,timing_event_count_used,requested_delay_ms_from_csv,measured_delay_ms_mean,measured_delay_ms_median,measured_delay_ms_stdev,measured_delay_ms_min,measured_delay_ms_p95,measured_delay_ms_max,delay_error_ms_mean,delay_error_ms_median,delay_error_ms_min,delay_error_ms_max,cycle_interval_ms_mean,cycle_interval_ms_median,cycle_interval_ms_stdev,cycle_interval_ms_min,cycle_interval_ms_p95,cycle_interval_ms_max,cycle_displacement_ms_mean,cycle_displacement_ms_median,cycle_displacement_ms_stdev,cycle_displacement_ms_min,cycle_displacement_ms_p95,cycle_displacement_ms_max,internal_interval_median_ms,internal_interval_max_ms,internal_displacement_median_ms,internal_displacement_max_ms,manual_delay_ms,manual_injection_point,manual_bag_file,manual_timing_csv,manual_result,manual_collision,manual_recovery_observed,manual_timeout,manual_notes,log_available,control_loop_warning_count,map_update_warning_count,total_warn_error_lines,max_reported_loop_time_s,update_duration_ms_mean,update_duration_ms_median,update_duration_ms_stdev,update_duration_ms_min,update_duration_ms_p95,update_duration_ms_max,update_completion_interval_ms_mean,update_completion_interval_ms_median,update_completion_interval_ms_stdev,update_completion_interval_ms_min,update_completion_interval_ms_p95,update_completion_interval_ms_max,update_displacement_ms_mean,update_displacement_ms_median,update_displacement_ms_stdev,update_displacement_ms_min,update_displacement_ms_p95,update_displacement_ms_max,previous_update_age_ms_mean,previous_update_age_ms_median,previous_update_age_ms_stdev,previous_update_age_ms_min,previous_update_age_ms_p95,previous_update_age_ms_max,manual_condition,manual_requested_delay_us
E2 (T-E5),dwa_0ms_run-01,0,dwa_compute_velocity_commands,0ms/run-1/dwa_0ms_run-01.bag,38.767000,165.376000,189.611000,24.235000,,SUCCEEDED,4.541588,0.280964,0.189900,0.220000,0.299059,1.664961,0.028926,100.560166,100.000000,134.000000,211.000000,0.459016,5.000000,24.843750,82.000000,5.000000,0.889563,0.765652,0.860706,3,3,0.390436,1.210537,0.190000,727,122,32,242,/home/andretrap/Desktop/project/results/E2_DWA/0ms/run-1/dwa_0ms_run-01_timing.csv,goal_to_result,240,240,0.000000,0.000000,0.000000,0.000000,0.000000,0.000000,0.000000,0.000000,0.000000,0.000000,0.000000,101.958890,100.862862,8.117806,85.417507,111.825149,170.522146,1.958890,0.862862,8.117806,-14.582493,11.825149,70.522146,100.862862,170.522146,0.862862,70.522146,0,dwa_compute_velocity_commands,0ms/dwa_0ms_run-01.bag,0ms/dwa_0ms_run-01_timing.csv,SUCCEEDED,no,no,no,regular path,no,,,,,,,,,,,,,,,,,,,,,,,,,,,,,,
E2 (T-E5),dwa_0ms_run-02,0,dwa_compute_velocity_commands,0ms/run-2/dwa_0ms_run-02.bag,39.524000,141.662000,166.674000,25.012000,,SUCCEEDED,4.580047,0.270735,0.184660,0.220000,0.305183,1.722706,0.024000,100.445783,100.000000,132.800000,220.000000,0.248000,8.000000,20.857143,82.000000,5.000000,0.888404,0.781023,0.879130,3,4,0.317820,1.127536,0.174000,751,125,35,250,/home/andretrap/Desktop/project/results/E2_DWA/0ms/run-2/dwa_0ms_run-02_timing.csv,goal_to_result,248,248,0.000000,0.000000,0.000000,0.000000,0.000000,0.000000,0.000000,0.000000,0.000000,0.000000,0.000000,101.720066,101.088765,8.593345,88.166025,110.497171,204.072797,1.720066,1.088765,8.593345,-11.833975,10.497171,104.072797,101.088765,204.072797,1.088765,104.072797,0,dwa_compute_velocity_commands,0ms/dwa_0ms_run-02.bag,0ms/dwa_0ms_run-02_timing.csv,SUCCEEDED,no,no,no,regular path,no,,,,,,,,,,,,,,,,,,,,,,,,,,,,,,
E2 (T-E5),dwa_0ms_run-03,0,dwa_compute_velocity_commands,0ms/run-3/dwa_0ms_run-03.bag,44.378000,77.021000,107.324000,30.303000,,SUCCEEDED,5.280334,0.266277,0.180166,0.220000,0.278844,1.699599,0.029801,100.099668,99.000000,135.000000,188.000000,0.231788,8.000000,34.945946,113.000000,5.000000,0.665921,0.450226,0.676096,2,40,0.281022,0.927661,0.173000,909,151,37,302,/home/andretrap/Desktop/project/results/E2_DWA/0ms/run-3/dwa_0ms_run-03_timing.csv,goal_to_result,301,301,0.000000,0.000000,0.000000,0.000000,0.000000,0.000000,0.000000,0.000000,0.000000,0.000000,0.000000,101.467511,100.633306,7.701477,86.931532,112.879939,185.990702,1.467511,0.633306,7.701477,-13.068468,12.879939,85.990702,100.633306,185.990702,0.633306,85.990702,0,dwa_compute_velocity_commands,0ms/dwa_0ms_run-03.bag,0ms/dwa_0ms_run-03_timing.csv,SUCCEEDED,no,no,no,regular path,no,,,,,,,,,,,,,,,,,,,,,,,,,,,,,,
E2 (T-E5),dwa_1000ms_run-01,1000,dwa_compute_velocity_commands,1000ms/run-1/dwa_1000ms_run-01.bag,93.717000,30.863000,97.691000,66.828000,,SUCCEEDED,5.374934,0.245925,0.092270,0.220000,0.241989,1.692290,0.347368,710.925532,1030.500000,1083.050000,1137.000000,0.134731,5.000000,28.516129,75.000000,5.000000,0.516092,0.198023,0.383696,0,2,0.266578,0.452047,1.138000,2004,334,62,95,/home/andretrap/Desktop/project/results/E2_DWA/1000ms/run-1/dwa_1000ms_run-01_timing.csv,goal_to_result,64,64,1000.000000,1000.195328,1000.059500,0.517953,1000.016000,1000.667850,1003.387000,0.195328,0.059500,0.016000,3.387000,1050.161830,1048.323691,27.227052,1000.650573,1094.473765,1138.591374,950.161830,948.323691,27.227052,900.650573,994.473765,1038.591374,1048.323691,1138.591374,948.323691,1038.591374,1000,dwa_compute_velocity_commands,1000ms/dwa_1000ms_run-01.bag,1000ms/dwa_1000ms_run-01_timing.csv,SUCCEEDED,no,no,no,"regular path. The robot went past its destination and then turn back, The terminal did not visibly print ""GOAL REACHED"", but the bag containsa SUCCEEDED move_base result. Control miss loop (1s) Map Update (1s-1.1s)",incomplete,,,,,,,,,,,,,,,,,,,,,,,,,,,,,,
E2 (T-E5),dwa_1000ms_run-02,1000,dwa_compute_velocity_commands,1000ms/run-2/dwa_1000ms_run-02.bag,95.187000,20.205000,,,87.304000,NO_RESULT,5.593176,0.245449,0.038943,0.220000,0.599894,1.370000,0.391304,627.401460,993.000000,1054.200000,1072.000000,0.146789,3.000000,38.645833,82.000000,5.000000,0.517640,0.197250,0.381056,0,2,0.333687,0.452558,1.150000,2619,436,48,138,/home/andretrap/Desktop/project/results/E2_DWA/1000ms/run-2/dwa_1000ms_run-02_timing.csv,all_rows,90,90,1000.000000,1000.129089,1000.060000,0.243338,1000.016000,1000.507150,1001.581000,0.129089,0.060000,0.016000,1.581000,1017.224304,1002.650238,23.555227,1000.597624,1059.443581,1087.496738,917.224304,902.650238,23.555227,900.597624,959.443581,987.496738,1002.650238,1087.496738,902.650238,987.496738,1000,dwa_compute_velocity_commands,1000ms/dwa_1000ms_run-02.bag,1000ms/dwa_1000ms_run-02_timing.csv,TIMEOUT,no,no,yes,"regular path, with huge reverse/movements at the start. The robot went past its destination and then turn back, but it never reached the goal (the message “GOAL REACHED” never appeared on the terminal). Control miss loop (1s) Map Update (1s-1.1s)",incomplete,,,,,,,,,,,,,,,,,,,,,,,,,,,,,,
E2 (T-E5),dwa_1000ms_run-03,1000,dwa_compute_velocity_commands,1000ms/run-3/dwa_1000ms_run-03.bag,97.268000,25.283000,,,84.974000,NO_RESULT,6.402835,0.234841,0.096542,0.220000,0.179811,0.776291,0.349593,679.286885,1038.000000,1073.950000,1114.000000,0.148235,6.000000,35.160000,75.000000,5.000000,0.501141,0.251746,0.502345,0,2,0.456370,0.698970,1.145000,2549,425,50,123,/home/andretrap/Desktop/project/results/E2_DWA/1000ms/run-3/dwa_1000ms_run-03_timing.csv,all_rows,85,85,1000.000000,1000.152976,1000.061000,0.492701,1000.019000,1000.263000,1004.098000,0.152976,0.061000,0.019000,4.098000,1059.150829,1053.972658,18.420213,1034.629527,1092.599571,1130.166458,959.150829,953.972659,18.420213,934.629527,992.599571,1030.166458,1053.972658,1130.166458,953.972659,1030.166458,1000,dwa_compute_velocity_commands,1000ms/dwa_1000ms_run-03.bag,1000ms/dwa_1000ms_run-03_timing.csv,TIMEOUT,no,no,yes,"regular path, with huge reverse/movements at the start. The robot went past its destination and then turn back, this time with more difficulty, but it never reached the goal (the message “GOAL REACHED” never appeared on the terminal). The robot stopped too, nearby the arrival point. Control miss loop (1s) Map Update (1s-1.1s)",incomplete,,,,,,,,,,,,,,,,,,,,,,,,,,,,,,
E2 (T-E5),dwa_2000ms_run-01,2000,dwa_compute_velocity_commands,E2_DWA/2000ms/dwa_2000ms_run-01.bag,166.959000,45.784000,,,151.765000,NO_RESULT,12.770120,0.120000,0.104934,0.220000,0.274307,1.110833,0.288660,1540.406250,2039.500000,2095.250000,2150.000000,0.166227,4.000000,28.848101,108.000000,5.000000,0.398799,0.384094,0.963127,0,0,0.455290,0.606981,2.159000,4553,758,158,97,/home/andretrap/Desktop/project/results/E2_DWA/2000ms/dwa_2000ms_run-01_timing.csv,all_rows,76,76,2000.000000,2000.239276,2000.059000,0.582422,2000.020000,2001.395750,2003.201000,0.239276,0.059000,0.020000,3.201000,2070.790217,2065.726260,25.480062,2040.645516,2122.522502,2176.425778,1970.790217,1965.726260,25.480062,1940.645516,2022.522502,2076.425778,2065.726260,2176.425778,1965.726260,2076.425778,2000,dwa_compute_velocity_commands,2000ms/dwa_2000ms_run-01.bag,2000ms/dwa_2000ms_run-01_timing.csv,TIMEOUT,no,no,yes,"The robot approached its destination with difficulty, following an almost random path, even coming close to obstacles without ever causing a physical collision. Once it was near its destination, it stopped. The “GOAL REACHED” log never appeared. Control miss loop and Map Update were similar, 2s-2.1s, but sometimes Map Update reached 4seconds",incomplete,,,,,,,,,,,,,,,,,,,,,,,,,,,,,,
E2 (T-E5),dwa_200ms_run-01,200,dwa_compute_velocity_commands,200ms/run-1/dwa_200ms_run-01.bag,35.157000,152.800000,176.982000,24.182000,,SUCCEEDED,4.466828,0.231963,0.182200,0.220000,0.303687,1.474509,0.050000,240.676768,246.000000,265.500000,290.000000,0.250000,3.000000,32.137931,71.000000,5.000000,0.789072,0.700338,0.887547,3,1,0.429273,1.074771,0.355000,726,120,29,100,/home/andretrap/Desktop/project/results/E2_DWA/200ms/run-1/dwa_200ms_run-01_timing.csv,goal_to_result,99,99,200.000000,200.170535,200.060000,0.431937,200.023000,200.493800,202.655000,0.170535,0.060000,0.023000,2.655000,245.728774,247.271040,17.557987,200.698629,268.394029,294.534264,145.728774,147.271040,17.557987,100.698629,168.394029,194.534264,247.271040,294.534264,147.271040,194.534264,200,dwa_compute_velocity_commands,200ms/dwa_200ms_run-01.bag,200ms/dwa_200ms_run-01_timing.csv,SUCCEEDED,no,no,no,"regular path, control miss loop (0.200-0.300) & map update logs (0.400-0.500)",no,,,,,,,,,,,,,,,,,,,,,,,,,,,,,,
E2 (T-E5),dwa_200ms_run-02,200,dwa_compute_velocity_commands,200ms/run-2/dwa_200ms_run-02.bag,38.168000,75.822000,100.855000,25.033000,,SUCCEEDED,4.547820,0.266130,0.173266,0.220000,0.329396,1.370000,0.061856,257.104167,267.000000,296.000000,420.000000,0.128000,2.000000,25.030303,100.000000,5.000000,0.905882,0.812596,0.897022,1,0,0.497176,1.201778,0.351000,751,125,33,97,/home/andretrap/Desktop/project/results/E2_DWA/200ms/run-2/dwa_200ms_run-02_timing.csv,goal_to_result,96,96,200.000000,200.119417,200.059000,0.178485,200.028000,200.629750,200.871000,0.119417,0.059000,0.028000,0.871000,262.423887,267.942239,31.710854,200.596200,296.064457,408.252816,162.423887,167.942239,31.710854,100.596200,196.064457,308.252816,267.942239,408.252816,167.942239,308.252816,200,dwa_compute_velocity_commands,200ms/dwa_200ms_run-02.bag,200ms/dwa_200ms_run-02_timing.csv,SUCCEEDED,no,no,no,"regular path, control miss loop & map update logs (min 0.200, max 0.430)",no,,,,,,,,,,,,,,,,,,,,,,,,,,,,,,
E2 (T-E5),dwa_200ms_run-03,200,dwa_compute_velocity_commands,200ms/run-3/dwa_200ms_run-03.bag,35.455000,39.543000,63.696000,24.153000,,SUCCEEDED,4.564676,0.264779,0.185887,0.220000,0.294145,1.494339,0.040000,240.494949,245.000000,262.000000,290.000000,0.123967,3.000000,32.612903,74.000000,5.000000,0.834276,0.686319,0.822652,1,2,0.406456,1.069402,0.344000,724,121,31,100,/home/andretrap/Desktop/project/results/E2_DWA/200ms/run-3/dwa_200ms_run-03_timing.csv,goal_to_result,99,99,200.000000,200.164465,200.061000,0.364120,200.034000,200.830400,202.261000,0.164465,0.061000,0.034000,2.261000,246.147453,248.191200,16.180750,200.787543,264.159315,298.074879,146.147453,148.191200,16.180750,100.787543,164.159315,198.074879,248.191200,298.074879,148.191200,198.074879,200,dwa_compute_velocity_commands,200ms/dwa_200ms_run-03.bag,200ms/dwa_200ms_run-03_timing.csv,SUCCEEDED,no,no,no,"regular path, control miss loop & map update logs (min 0.200, max 0.430)",no,,,,,,,,,,,,,,,,,,,,,,,,,,,,,,
E2 (T-E5),dwa_500ms_run-01,500,dwa_compute_velocity_commands,500ms/run-1/dwa_500ms_run-01.bag,36.821000,59.680000,85.406000,25.726000,,SUCCEEDED,4.601043,0.277201,0.168706,0.220000,0.328218,1.370000,0.104167,547.361702,563.000000,595.700000,681.000000,0.201550,4.000000,35.529412,96.000000,5.000000,0.811435,0.703443,0.866913,1,0,0.420716,0.914878,0.681000,772,129,34,48,/home/andretrap/Desktop/project/results/E2_DWA/500ms/run-1/dwa_500ms_run-01_timing.csv,goal_to_result,46,46,500.000000,500.201739,500.061000,0.645995,500.018000,500.683750,504.271000,0.201739,0.061000,0.018000,4.271000,562.452352,567.624582,28.670295,500.441243,597.859438,614.537598,462.452352,467.624582,28.670295,400.441243,497.859438,514.537598,567.624582,614.537598,467.624582,514.537598,500,dwa_compute_velocity_commands,500ms/dwa_500ms_run-01.bag,500ms/dwa_500ms_run-01_timing.csv,SUCCEEDED,no,no,no,"regular path, control miss loop (0.400-0.600) & map update logs (0.600 – 1.1)",incomplete,,,,,,,,,,,,,,,,,,,,,,,,,,,,,,
E2 (T-E5),dwa_500ms_run-02,500,dwa_compute_velocity_commands,500ms/run-2/dwa_500ms_run-02.bag,39.101000,28.335000,55.365000,27.030000,,SUCCEEDED,4.838507,0.285627,0.170823,0.220000,0.247647,1.370000,0.115385,529.980392,541.000000,569.000000,645.000000,0.213235,4.000000,43.352941,95.000000,5.000000,0.724689,0.509007,0.702379,1,2,0.361763,0.904716,0.646000,811,136,34,52,/home/andretrap/Desktop/project/results/E2_DWA/500ms/run-2/dwa_500ms_run-02_timing.csv,goal_to_result,50,50,500.000000,500.369200,500.061500,0.794736,500.041000,502.123750,504.082000,0.369200,0.061500,0.041000,4.082000,543.838358,548.476243,17.957706,500.667914,563.287535,577.247634,443.838358,448.476243,17.957706,400.667914,463.287535,477.247634,548.476243,577.247634,448.476243,477.247634,500,dwa_compute_velocity_commands,500ms/dwa_500ms_run-02.bag,500ms/dwa_500ms_run-02_timing.csv,SUCCEEDED,no,no,no,"regular path but a random movement at the very start (as a “reverse”), control miss loop (0.400-0.600) & map update logs (0.500 – 1.6)",incomplete,,,,,,,,,,,,,,,,,,,,,,,,,,,,,,
E2 (T-E5),dwa_500ms_run-03,500,dwa_compute_velocity_commands,500ms/run-3/dwa_500ms_run-03.bag,37.831000,19.877000,45.967000,26.090000,,SUCCEEDED,4.671547,0.266988,0.173107,0.220000,0.331531,1.370000,0.081633,530.062500,542.500000,568.300000,583.000000,0.123077,2.000000,35.540541,80.000000,5.000000,0.791302,0.663626,0.838651,1,0,0.451866,0.942887,0.647000,782,130,37,49,/home/andretrap/Desktop/project/results/E2_DWA/500ms/run-3/dwa_500ms_run-03_timing.csv,goal_to_result,48,48,500.000000,500.241042,500.059500,0.561668,500.026000,501.719400,502.434000,0.241042,0.059500,0.026000,2.434000,545.772245,548.917239,19.538498,500.702796,571.000569,573.498980,445.772245,448.917239,19.538498,400.702796,471.000569,473.498980,548.917239,573.498980,448.917239,473.498980,500,dwa_compute_velocity_commands,500ms/dwa_500ms_run-03.bag,500ms/dwa_500ms_run-03_timing.csv,SUCCEEDED,no,no,no,"regular path, control miss loop (0.400-0.600) & map update logs (0.500 – 1.6)",incomplete,,,,,,,,,,,,,,,,,,,,,,,,,,,,,,
E3 (T-E3),costmap_0ms_run-01,0,local_costmap_update_loop,0ms/run-1/costmap_0ms_run-01.bag,45.128000,22.591000,46.063000,23.472000,,SUCCEEDED,4.469290,0.253005,0.191085,0.220000,0.304795,1.549505,0.021368,100.733906,100.000000,135.000000,199.000000,0.401709,7.000000,32.133333,97.000000,5.000000,0.932333,0.854611,0.916637,1,0,0.407772,1.280442,0.195000,704,117,30,234,/home/andretrap/Desktop/project/results/E3_COSTMAP/0ms/run-1/costmap_0ms_run-01_timing.csv,goal_to_result,3307,410,0.000000,0.000015,0.000000,0.000296,0.000000,0.000000,0.006000,0.000015,0.000000,0.000000,0.006000,,,,,,,,,,,,,101.374420,237.799131,1.374420,137.799131,0,local_costmap_update_loop,0ms/costmap_0ms_run-01.bag,0ms/costmap_0ms_run-01_timing.csv,SUCCEEDED,no,no,no,Regular path. Small Control loop missed and Map Update logs(0.150),incomplete,,,,,18.418519,2.885981,22.986762,0.001625,60.801882,122.427166,102.001826,101.374420,20.254449,4.215481,133.451712,237.799131,2.001826,1.374420,20.254449,-95.784519,33.451712,137.799131,83.538704,92.535545,24.540734,0.458104,109.359277,235.270738,,
E3 (T-E3),costmap_0ms_run-02,0,local_costmap_update_loop,0ms/run-2/costmap_0ms_run-02.bag,36.104000,20.001000,43.304000,23.303000,,SUCCEEDED,4.406861,0.244228,0.189961,0.220000,0.276694,1.370000,0.025641,100.000000,99.000000,128.000000,173.000000,0.431034,15.000000,42.571429,114.000000,5.000000,0.939081,0.872307,0.928895,1,0,0.397787,1.361160,0.163000,699,116,28,234,/home/andretrap/Desktop/project/results/E3_COSTMAP/0ms/run-2/costmap_0ms_run-02_timing.csv,goal_to_result,533,231,0.000000,0.000000,0.000000,0.000000,0.000000,0.000000,0.000000,0.000000,0.000000,0.000000,0.000000,,,,,,,,,,,,,101.566574,285.994670,1.566574,185.994670,0,local_costmap_update_loop,0ms/costmap_0ms_run-02.bag,0ms/costmap_0ms_run-02_timing.csv,SUCCEEDED,no,no,no,Regular path. Small Control loop missed and Map Update logs(0.150),incomplete,,,,,6.282158,2.242664,17.101651,1.788853,34.908361,172.417765,103.172990,101.566574,20.363857,4.176981,114.233751,285.994670,3.172990,1.566574,20.363857,-95.823019,14.233752,185.994670,96.890831,98.354436,14.148603,0.343403,110.118604,165.995264,,
E3 (T-E3),costmap_0ms_run-03,0,local_costmap_update_loop,0ms/run-3/costmap_0ms_run-03.bag,36.924000,22.168000,45.668000,23.500000,,SUCCEEDED,4.407054,0.251382,0.188250,0.220000,0.282189,1.516929,0.029661,99.995745,100.000000,140.000000,201.000000,0.161017,1.000000,40.066667,131.000000,5.000000,0.939167,0.869155,0.925453,1,0,0.384038,1.201822,0.202000,704,118,30,236,/home/andretrap/Desktop/project/results/E3_COSTMAP/0ms/run-3/costmap_0ms_run-03_timing.csv,goal_to_result,568,233,0.000000,0.000000,0.000000,0.000000,0.000000,0.000000,0.000000,0.000000,0.000000,0.000000,0.000000,,,,,,,,,,,,,101.445229,207.887418,1.445229,107.887418,0,local_costmap_update_loop,0ms/costmap_0ms_run-03.bag,0ms/costmap_0ms_run-03_timing.csv,SUCCEEDED,no,no,no,Regular path. Small Control loop missed and Map Update logs(0.150),incomplete,,,,,33.307846,34.460725,26.588841,1.957918,78.068115,111.396878,102.147546,101.445229,23.774080,2.629080,140.308230,207.887418,2.147546,1.445229,23.774080,-97.370920,40.308230,107.887418,68.839700,65.462292,27.420749,0.297623,103.836232,205.588055,,
E3 (T-E3),costmap_1000ms_run-01,1000,local_costmap_update_loop,1000ms/run-1/costmap_1000ms_run-01.bag,41.857000,23.265000,49.465000,26.200000,,SUCCEEDED,4.637144,0.236241,0.184524,0.220000,0.297868,1.443399,0.019011,100.000000,100.000000,117.950000,151.000000,0.122137,3.000000,41.000000,79.000000,5.000000,0.488750,0.255678,0.523126,6,15,0.431110,1.202024,0.151000,786,131,29,263,/home/andretrap/Desktop/project/results/E3_COSTMAP/1000ms/run-1/costmap_1000ms_run-01_timing.csv,goal_to_result,59,26,1000.000000,1000.436115,1000.061500,1.587854,1000.056000,1001.256250,1008.077000,0.436115,0.061500,0.056000,8.077000,,,,,,,,,,,,,1003.254361,1037.917912,903.254361,937.917912,1000,local_costmap_update_loop,1000ms/costmap_1000ms_run-01.bag,1000ms/costmap_1000ms_run-01_timing.csv,SUCCEEDED,no,no,no,"Regular path. Some irregular startup motion (forward, behind, left, right) before a real start aiming the destination. Control loop missed and Map Update logs (0.990-1.100). It reaches the goal.",incomplete,,,,,7.907024,2.967072,9.780276,1.659270,29.210986,37.693251,1008.623004,1003.254361,9.703421,1001.910747,1029.463228,1037.917912,908.623004,903.254361,9.703421,901.910747,929.463228,937.917912,1000.715980,1000.272426,1.591466,1000.224661,1001.704151,1008.320474,,
E3 (T-E3),costmap_1000ms_run-02,1000,local_costmap_update_loop,1000ms/run-2/costmap_1000ms_run-02.bag,37.669000,21.349000,44.745000,23.396000,,SUCCEEDED,4.441955,0.266146,0.191486,0.220000,0.289090,1.408678,0.025641,99.793991,100.000000,119.400000,151.000000,0.170940,3.000000,34.900000,90.000000,5.000000,0.953344,0.886882,0.930285,1,0,0.388741,1.148994,0.144000,702,117,30,234,/home/andretrap/Desktop/project/results/E3_COSTMAP/1000ms/run-2/costmap_1000ms_run-02_timing.csv,goal_to_result,52,23,1000.000000,1000.136696,1000.060000,0.252286,1000.056000,1000.305500,1001.251000,0.136696,0.060000,0.056000,1.251000,,,,,,,,,,,,,1003.667319,1038.591167,903.667319,938.591167,1000,local_costmap_update_loop,1000ms/costmap_1000ms_run-02.bag,1000ms/costmap_1000ms_run-02_timing.csv,SUCCEEDED,no,no,no,Regular path. Clean start. Control loop missed and Map Update logs (0.990-1.100). It reaches the goal.,incomplete,,,,,8.457265,2.592473,9.873527,1.773911,29.970899,38.319813,1009.035971,1003.667319,9.782629,1002.049464,1030.412386,1038.591167,909.035971,903.667319,9.782629,902.049464,930.412386,938.591167,1000.578707,1000.464999,0.407668,1000.226177,1001.363621,1001.757676,,
E3 (T-E3),costmap_1000ms_run-03,1000,local_costmap_update_loop,1000ms/run-3/costmap_1000ms_run-03.bag,37.233000,20.535000,43.537000,23.002000,,SUCCEEDED,4.392015,0.255711,0.191323,0.220000,0.298273,1.427670,0.021645,100.000000,100.000000,117.550000,143.000000,0.173913,3.000000,37.500000,81.000000,5.000000,0.945207,0.880065,0.931082,1,0,0.388027,1.129617,0.145000,690,115,30,231,/home/andretrap/Desktop/project/results/E3_COSTMAP/1000ms/run-3/costmap_1000ms_run-03_timing.csv,goal_to_result,49,23,1000.000000,1000.250826,1000.065000,0.645613,1000.013000,1000.889900,1003.081000,0.250826,0.065000,0.013000,3.081000,,,,,,,,,,,,,1007.003157,1037.139985,907.003157,937.139985,1000,local_costmap_update_loop,1000ms/costmap_1000ms_run-03.bag,1000ms/costmap_1000ms_run-03_timing.csv,SUCCEEDED,no,no,no,Regular path. Clean start. Control loop missed and Map Update logs (0.990-1.100). It reaches the goal.,incomplete,,,,,9.321411,3.294162,10.574777,1.706421,33.295658,36.327754,1010.006011,1007.003157,10.463729,1002.134316,1033.712502,1037.139985,910.006011,907.003157,10.463729,902.134316,933.712502,937.139985,1000.684600,1000.450853,0.817409,1000.216503,1001.704834,1004.043027,,
E3 (T-E3),costmap_1000ms_run-04,1000,local_costmap_update_loop,1000ms/run-4/costmap_1000ms_run-04.bag,37.701000,21.867000,46.469000,24.602000,,SUCCEEDED,4.499971,0.272938,0.186421,0.220000,0.300405,1.426748,0.024291,100.004065,100.000000,117.750000,192.000000,0.130081,6.000000,35.774194,90.000000,5.000000,0.743004,0.620863,0.835612,7,6,0.352657,1.281619,0.146000,738,123,31,247,/home/andretrap/Desktop/project/results/E3_COSTMAP/1000ms/run-4/costmap_1000ms_run-04_timing.csv,goal_to_result,52,25,1000.000000,1000.063840,1000.060000,0.011473,1000.047000,1000.086600,1000.100000,0.063840,0.060000,0.047000,0.100000,,,,,,,,,,,,,1002.258662,1015.429786,902.258662,915.429786,1000,local_costmap_update_loop,1000ms/costmap_1000ms_run-04.bag,1000ms/costmap_1000ms_run-04_timing.csv,SUCCEEDED,no,no,no,"Regular path. Some minimal irregular startup motion (forward, behind, left, right) before a real start aiming the destination. Control loop missed and Map Update logs (0.990-1.100). It reaches the goal.",incomplete,,,,,4.039793,1.798330,4.025032,1.539840,13.175391,14.504092,1004.492139,1002.258662,4.109902,1001.817032,1013.567357,1015.429786,904.492139,902.258662,4.109902,901.817032,913.567357,915.429786,1000.452346,1000.399162,0.226515,1000.210107,1000.899263,1001.112375,,
E3 (T-E3),costmap_1000ms_run-05,1000,local_costmap_update_loop,1000ms/run-5/costmap_1000ms_run-05.bag,36.533000,18.585000,42.185000,23.600000,,SUCCEEDED,4.407207,0.239277,0.186086,0.220000,0.312463,1.687636,0.029536,100.000000,100.000000,117.500000,159.000000,0.093220,2.000000,43.000000,85.000000,5.000000,0.942565,0.875722,0.929084,1,0,0.381941,1.097298,0.159000,708,118,30,237,/home/andretrap/Desktop/project/results/E3_COSTMAP/1000ms/run-5/costmap_1000ms_run-05_timing.csv,goal_to_result,46,23,1000.000000,1000.135217,1000.058000,0.214590,1000.054000,1000.399800,1001.032000,0.135217,0.058000,0.054000,1.032000,,,,,,,,,,,,,1002.200418,1016.157053,902.200418,916.157053,1000,local_costmap_update_loop,1000ms/costmap_1000ms_run-05.bag,1000ms/costmap_1000ms_run-05_timing.csv,SUCCEEDED,no,no,no,Regular path. Clean start. Control loop missed and Map Update logs (0.990-1.100). It reaches the goal.,incomplete,,,,,3.529485,1.800869,4.035485,1.577485,13.900581,15.739075,1003.933885,1002.200418,4.019730,1001.802875,1014.131378,1016.157053,903.933885,902.200418,4.019730,901.802875,914.131378,916.157053,1000.404400,1000.294054,0.265215,1000.210621,1000.830223,1001.312673,,
E3 (T-E3),costmap_2000ms_run-01,2000,local_costmap_update_loop,2000ms/run-1/costmap_2000ms_run-01.bag,33.883000,18.207000,41.206000,22.999000,,SUCCEEDED,4.411111,0.258848,0.192907,0.220000,0.297893,1.396647,0.017316,99.813043,100.000000,122.000000,162.000000,0.182609,1.000000,42.185185,103.000000,5.000000,0.941801,0.878415,0.932697,1,0,0.400262,1.179939,0.042000,690,115,27,231,/home/andretrap/Desktop/project/results/E3_COSTMAP/2000ms/run-1/costmap_2000ms_run-01_timing.csv,goal_to_result,23,11,2000.000000,2000.195273,2000.060000,0.256246,2000.014000,2000.682000,2000.684000,0.195273,0.060000,0.014000,0.684000,,,,,,,,,,,,,2013.225670,2076.516796,1913.225670,1976.516796,2000,local_costmap_update_loop,2000ms/costmap_2000ms_run-01.bag,2000ms/costmap_2000ms_run-01_timing.csv,SUCCEEDED,no,no,no,Regular path. Clean start. Control loop missed and Map Update logs (1.990-2.100). It reaches the goal.,incomplete,,,,,15.155894,12.238513,14.477367,1.687805,37.877579,46.867389,2020.951140,2013.225670,23.441938,2002.061947,2061.898207,2076.516796,1920.951140,1913.225670,23.441938,1902.061947,1961.898207,1976.516796,2005.795246,2000.412230,17.541934,2000.326711,2029.834361,2058.681565,,
E3 (T-E3),costmap_2000ms_run-02,2000,local_costmap_update_loop,2000ms/run-2/costmap_2000ms_run-02.bag,34.677000,21.326000,45.026000,23.700000,,SUCCEEDED,4.423275,0.256192,0.189279,0.220000,0.304344,1.426448,0.025316,99.720339,100.000000,119.000000,145.000000,0.201681,4.000000,42.965517,96.000000,5.000000,0.895433,0.823105,0.919225,3,1,0.401764,1.062710,0.166000,711,119,29,237,/home/andretrap/Desktop/project/results/E3_COSTMAP/2000ms/run-2/costmap_2000ms_run-02_timing.csv,goal_to_result,25,12,2000.000000,2000.245083,2000.065000,0.468206,2000.056000,2001.039400,2001.673000,0.245083,0.065000,0.056000,1.673000,,,,,,,,,,,,,2011.231526,2041.595560,1911.231526,1941.595560,2000,local_costmap_update_loop,2000ms/costmap_2000ms_run-02.bag,2000ms/costmap_2000ms_run-02_timing.csv,SUCCEEDED,no,no,no,Regular path. Clean start. Control loop missed and Map Update logs (1.990-2.100). It reaches the goal.,incomplete,,,,,13.720948,10.105213,12.431909,1.714342,32.539333,41.297264,2014.315753,2011.231526,12.496447,2001.958440,2033.436985,2041.595560,1914.315753,1911.231526,12.496447,1901.958440,1933.436985,1941.595560,2000.594805,2000.303225,0.556754,2000.244098,2001.662487,2001.997928,,
E3 (T-E3),costmap_2000ms_run-03,2000,local_costmap_update_loop,2000ms/run-3/costmap_2000ms_run-03.bag,35.657000,22.254000,45.554000,23.300000,,SUCCEEDED,4.427060,0.258365,0.190472,0.220000,0.291178,1.418891,0.021459,99.762931,99.500000,118.000000,138.000000,0.275862,3.000000,41.482759,86.000000,5.000000,0.959236,0.890284,0.928118,1,0,0.381519,1.162688,0.155000,699,116,29,233,/home/andretrap/Desktop/project/results/E3_COSTMAP/2000ms/run-3/costmap_2000ms_run-03_timing.csv,goal_to_result,25,11,2000.000000,2000.137182,2000.059000,0.162769,2000.036000,2000.458000,2000.523000,0.137182,0.059000,0.036000,0.523000,,,,,,,,,,,,,2007.536671,2041.791264,1907.536671,1941.791264,2000,local_costmap_update_loop,2000ms/costmap_2000ms_run-03.bag,2000ms/costmap_2000ms_run-03_timing.csv,SUCCEEDED,no,no,no,Regular path. Clean start. Control loop missed and Map Update logs (1.990-2.100). It reaches the goal.,incomplete,,,,,13.434574,7.149211,14.369403,1.654759,38.154550,41.189790,2013.917405,2007.536671,14.337589,2002.088765,2038.700433,2041.791264,1913.917405,1907.536671,14.337589,1902.088765,1938.700433,1941.791264,2000.482831,2000.434006,0.228401,2000.224211,2000.857069,2001.035127,,
E3 (T-E3),costmap_200ms_run-01,200,local_costmap_update_loop,200ms/run-1/costmap_200ms_run-01.bag,50.160000,28.080000,51.177000,23.097000,,SUCCEEDED,4.441097,0.270102,0.193866,0.220000,0.299639,1.511617,0.021645,99.652174,100.000000,124.750000,177.000000,0.243478,5.000000,29.655172,93.000000,5.000000,0.959660,0.887099,0.924389,1,0,0.411933,1.219702,0.177000,693,115,29,231,/home/andretrap/Desktop/project/results/E3_COSTMAP/200ms/run-1/costmap_200ms_run-01_timing.csv,goal_to_result,515,115,200.000000,200.259270,200.069000,0.514850,200.041000,201.270300,203.341000,0.259270,0.069000,0.041000,3.341000,,,,,,,,,,,,,203.110598,289.368103,103.110598,189.368103,200,local_costmap_update_loop,200ms/costmap_200ms_run-01.bag,200ms/costmap_200ms_run-01_timing.csv,SUCCEEDED,no,no,no,Regular path. Same as 0ms. Control loop missed and Map Update logs (0.200-0.300). Difference with 0ms: these logs start even before the set of the destination and continue after goal is reached.,incomplete,,,,,4.021931,2.250010,6.860677,1.836395,12.085597,53.102634,205.707369,203.110598,10.458795,202.073339,214.943747,289.368103,105.707369,103.110598,10.458795,102.073339,114.943747,189.368103,201.685439,200.682290,7.185638,200.234458,203.516801,277.450219,,
E3 (T-E3),costmap_200ms_run-02,200,local_costmap_update_loop,200ms/run-2/costmap_200ms_run-02.bag,37.846000,84.488000,107.885000,23.397000,,SUCCEEDED,4.422579,0.253004,0.190412,0.220000,0.300356,1.450039,0.025641,99.806867,99.000000,142.000000,168.000000,0.581197,8.000000,28.400000,95.000000,5.000000,0.943121,0.870444,0.922939,1,0,0.397790,1.069953,0.142000,702,117,30,234,/home/andretrap/Desktop/project/results/E3_COSTMAP/200ms/run-2/costmap_200ms_run-02_timing.csv,goal_to_result,241,115,200.000000,200.212600,200.062000,0.513239,200.014000,201.029900,203.772000,0.212600,0.062000,0.014000,3.772000,,,,,,,,,,,,,203.053176,274.626102,103.053176,174.626102,200,local_costmap_update_loop,200ms/costmap_200ms_run-02.bag,200ms/costmap_200ms_run-02_timing.csv,SUCCEEDED,no,no,no,Regular path. Same as 0ms. Control loop missed and Map Update logs (0.200-0.300). Difference with 0ms: these logs start even before the set of the destination and continue after goal is reached.,incomplete,,,,,6.264995,2.333516,11.973677,1.846626,33.074158,73.822194,207.728938,203.053176,13.514757,202.085921,238.679227,274.626102,107.728938,103.053176,13.514757,102.085921,138.679227,174.626102,201.463943,200.565323,6.661075,200.215347,202.773849,271.449789,,
E3 (T-E3),costmap_200ms_run-03,200,local_costmap_update_loop,200ms/run-3/costmap_200ms_run-03.bag,41.164000,19.374000,43.074000,23.700000,,SUCCEEDED,4.439284,0.259166,0.188138,0.220000,0.286842,1.450960,0.037815,99.983122,99.000000,128.000000,170.000000,0.279661,3.000000,38.700000,107.000000,5.000000,0.913846,0.837915,0.916911,1,1,0.392535,1.214077,0.174000,711,118,30,238,/home/andretrap/Desktop/project/results/E3_COSTMAP/200ms/run-3/costmap_200ms_run-03_timing.csv,goal_to_result,268,117,200.000000,200.106359,200.062000,0.162461,200.023000,200.292200,201.531000,0.106359,0.062000,0.023000,1.531000,,,,,,,,,,,,,202.777754,274.235450,102.777754,174.235450,200,local_costmap_update_loop,200ms/costmap_200ms_run-03.bag,200ms/costmap_200ms_run-03_timing.csv,SUCCEEDED,no,no,no,Regular path. Same as 0ms. Control loop missed and Map Update logs (0.200-0.300). Difference with 0ms: these logs start even before the set of the destination and continue after goal is reached.,incomplete,,,,,3.262522,2.181045,5.133010,1.732549,7.446504,45.175945,205.020483,202.777754,10.131800,202.036210,210.435449,274.235450,105.020483,102.777754,10.131800,102.036210,110.435449,174.235450,201.757962,200.580673,8.137120,200.235318,202.248991,271.828025,,
E3 (T-E3),costmap_500ms_run-01,500,local_costmap_update_loop,500ms/run-1/costmap_500ms_run-01.bag,51.634000,36.545000,59.441000,22.896000,,SUCCEEDED,4.375420,0.261072,0.193081,0.220000,0.296800,1.491769,0.021834,99.631579,100.000000,123.000000,150.000000,0.200000,3.000000,49.250000,113.000000,5.000000,0.959111,0.888480,0.926358,1,0,0.402479,1.226421,0.180000,687,115,28,229,/home/andretrap/Desktop/project/results/E3_COSTMAP/500ms/run-1/costmap_500ms_run-01_timing.csv,goal_to_result,144,45,500.000000,500.270333,500.060000,0.827556,500.018000,500.348800,504.489000,0.270333,0.060000,0.018000,4.489000,,,,,,,,,,,,,502.935894,664.384903,402.935894,564.384903,500,local_costmap_update_loop,500ms/costmap_500ms_run-01.bag,500ms/costmap_500ms_run-01_timing.csv,SUCCEEDED,no,no,no,Regular path. Same as 0ms. Control loop missed and Map Update logs (0.490-0.500). Difference with 0ms: these logs start even before the set of the destination and continue after goal is reached.,incomplete,,,,,9.250452,2.291489,25.179391,1.756902,33.591812,164.153841,510.247963,502.935894,25.259510,502.198796,534.114958,664.384903,410.247963,402.935894,25.259510,402.198796,434.114958,564.384903,500.997511,500.545719,1.088973,500.231062,503.342446,504.817829,,
E3 (T-E3),costmap_500ms_run-02,500,local_costmap_update_loop,500ms/run-2/costmap_500ms_run-02.bag,35.852000,18.078000,41.696000,23.618000,,SUCCEEDED,4.431826,0.280837,0.190468,0.220000,0.291768,1.497577,0.029787,100.525641,100.000000,120.700000,219.000000,0.127119,2.000000,36.741935,81.000000,5.000000,0.869571,0.799888,0.919865,5,2,0.388816,1.207650,0.255000,708,118,31,235,/home/andretrap/Desktop/project/results/E3_COSTMAP/500ms/run-2/costmap_500ms_run-02_timing.csv,goal_to_result,100,47,500.000000,500.185915,500.061000,0.577485,500.040000,500.522500,503.964000,0.185915,0.061000,0.040000,3.964000,,,,,,,,,,,,,502.800025,560.682148,402.800025,460.682148,500,local_costmap_update_loop,500ms/costmap_500ms_run-02.bag,500ms/costmap_500ms_run-02_timing.csv,SUCCEEDED,no,no,no,Regular path. Same as 0ms. Control loop missed and Map Update logs (0.490-0.500). Difference with 0ms: these logs start even before the set of the destination and continue after goal is reached.,incomplete,,,,,4.520067,2.191479,6.626080,1.603889,13.703982,42.518969,506.462206,502.800025,10.470079,501.947266,517.704705,560.682148,406.462206,402.800025,10.470079,401.947266,417.704705,460.682148,501.942139,500.500376,7.977949,500.224366,503.119065,555.185006,,
E3 (T-E3),costmap_500ms_run-03,500,local_costmap_update_loop,500ms/run-3/costmap_500ms_run-03.bag,35.667000,21.154000,44.555000,23.401000,,SUCCEEDED,4.453044,0.258778,0.191022,0.220000,0.289151,1.437713,0.029787,100.000000,99.000000,120.350000,189.000000,0.307692,4.000000,42.064516,139.000000,5.000000,0.949044,0.880820,0.928112,1,0,0.382981,1.164435,0.138000,702,117,31,235,/home/andretrap/Desktop/project/results/E3_COSTMAP/500ms/run-3/costmap_500ms_run-03_timing.csv,goal_to_result,109,47,500.000000,500.150596,500.060000,0.497402,500.026000,500.238600,503.470000,0.150596,0.060000,0.026000,3.470000,,,,,,,,,,,,,502.577125,584.034862,402.577125,484.034862,500,local_costmap_update_loop,500ms/costmap_500ms_run-03.bag,500ms/costmap_500ms_run-03_timing.csv,SUCCEEDED,no,no,no,Regular path. Same as 0ms. Control loop missed and Map Update logs (0.490-0.500). Difference with 0ms: these logs start even before the set of the destination and continue after goal is reached.,incomplete,,,,,6.315477,2.010931,13.040983,1.669604,23.399095,83.793832,506.879533,502.577125,13.025520,501.926981,524.582469,584.034862,406.879533,402.577125,13.025520,401.926981,424.582469,484.034862,500.564057,500.373613,0.658649,500.226641,501.373643,503.654635,,
E1 (T-E0),baseline_run-01,0,clean_baseline,results/baseline/baseline_run-01.bag,34.917000,60.805000,84.303000,23.498000,,SUCCEEDED,4.419703,0.259291,0.189648,0.220000,0.294158,1.475415,0.017021,99.747863,100.000000,127.350000,174.000000,0.376068,4.000000,40.379310,112.000000,5.000000,0.953911,0.874070,0.916301,1,0,0.401583,1.140698,0.157000,704,117,29,235,,,,,,,,,,,,,,,,,,,,,,,,,,,,,,,,,none,baseline_run-01.bag,,SUCCEEDED,no,no,,regular path,no,,,,,,,,,,,,,,,,,,,,,,,,,,,,,clean,0
E1 (T-E0),baseline_run-02,0,clean_baseline,results/baseline/baseline_run-02.bag,36.055000,37.011000,60.708000,23.697000,,SUCCEEDED,4.423763,0.257720,0.187336,0.220000,0.282444,1.534397,0.042194,99.656780,100.000000,124.250000,143.000000,0.279661,6.000000,29.655172,106.000000,5.000000,0.932380,0.871951,0.935189,1,0,0.408125,1.186120,0.177000,711,118,29,237,,,,,,,,,,,,,,,,,,,,,,,,,,,,,,,,,none,baseline_run-02.bag,,SUCCEEDED,no,no,,regular path,no,,,,,,,,,,,,,,,,,,,,,,,,,,,,,clean,0
E1 (T-E0),baseline_run-03,0,clean_baseline,results/baseline/baseline_run-03.bag,33.855000,30.449000,53.751000,23.302000,,SUCCEEDED,4.412722,0.256355,0.190007,0.220000,0.290379,1.442498,0.021368,99.995708,100.000000,124.000000,170.000000,0.232759,6.000000,35.933333,104.000000,5.000000,0.923077,0.866320,0.938513,1,0,0.377926,1.140265,0.172000,699,116,30,234,,,,,,,,,,,,,,,,,,,,,,,,,,,,,,,,,none,baseline_run-03.bag,,SUCCEEDED,no,no,,regular path,no,,,,,,,,,,,,,,,,,,,,,,,,,,,,,clean,0
E1 (T-E0),baseline_run-04,0,clean_baseline,results/baseline/baseline_run-04.bag,35.634000,33.718000,56.816000,23.098000,,SUCCEEDED,4.406368,0.255836,0.192192,0.220000,0.300856,1.476795,0.017316,99.639130,100.000000,126.000000,162.000000,0.215517,4.000000,32.620690,94.000000,5.000000,0.928820,0.864161,0.930387,1,0,0.397689,1.186149,0.181000,693,116,29,231,,,,,,,,,,,,,,,,,,,,,,,,,,,,,,,,,none,baseline_run-04.bag,,SUCCEEDED,no,no,,regular path,no,,,,,,,,,,,,,,,,,,,,,,,,,,,,,clean,0
E1 (T-E0),baseline_run-05,0,clean_baseline,results/baseline/baseline_run-05.bag,35.113000,34.756000,57.961000,23.205000,,SUCCEEDED,4.457005,0.272933,0.193380,0.220000,0.290508,1.404654,0.021459,100.004310,100.000000,126.000000,176.000000,0.284483,5.000000,41.200000,115.000000,5.000000,0.951495,0.881261,0.926186,1,0,0.398762,1.195886,0.148000,696,116,30,233,,,,,,,,,,,,,,,,,,,,,,,,,,,,,,,,,none,baseline_run-05.bag,,SUCCEEDED,no,no,,regular path,no,,,,,,,,,,,,,,,,,,,,,,,,,,,,,clean,0
