experiment,delay_ms,n_runs,success_count,aborted_count,no_result_count,mission_duration_s__mean_across_runs,mission_duration_s__stdev_across_runs,mission_duration_s__median_across_runs,mission_duration_s__min_across_runs,mission_duration_s__max_across_runs,observation_duration_s__mean_across_runs,observation_duration_s__stdev_across_runs,observation_duration_s__median_across_runs,observation_duration_s__min_across_runs,observation_duration_s__max_across_runs,odom_path_length_m__mean_across_runs,odom_path_length_m__stdev_across_runs,odom_path_length_m__median_across_runs,odom_path_length_m__min_across_runs,odom_path_length_m__max_across_runs,minimum_scan_m__mean_across_runs,minimum_scan_m__stdev_across_runs,minimum_scan_m__median_across_runs,minimum_scan_m__min_across_runs,minimum_scan_m__max_across_runs,stop_command_fraction__mean_across_runs,stop_command_fraction__stdev_across_runs,stop_command_fraction__median_across_runs,stop_command_fraction__min_across_runs,stop_command_fraction__max_across_runs,mean_cmd_gap_ms__mean_across_runs,mean_cmd_gap_ms__stdev_across_runs,mean_cmd_gap_ms__median_across_runs,mean_cmd_gap_ms__min_across_runs,mean_cmd_gap_ms__max_across_runs,median_cmd_gap_ms__mean_across_runs,median_cmd_gap_ms__stdev_across_runs,median_cmd_gap_ms__median_across_runs,median_cmd_gap_ms__min_across_runs,median_cmd_gap_ms__max_across_runs,p95_cmd_gap_ms__mean_across_runs,p95_cmd_gap_ms__stdev_across_runs,p95_cmd_gap_ms__median_across_runs,p95_cmd_gap_ms__min_across_runs,p95_cmd_gap_ms__max_across_runs,max_cmd_gap_ms__mean_across_runs,max_cmd_gap_ms__stdev_across_runs,max_cmd_gap_ms__median_across_runs,max_cmd_gap_ms__min_across_runs,max_cmd_gap_ms__max_across_runs,measured_delay_ms_mean__mean_across_runs,measured_delay_ms_mean__stdev_across_runs,measured_delay_ms_mean__median_across_runs,measured_delay_ms_mean__min_across_runs,measured_delay_ms_mean__max_across_runs,pose_temporal_displacement_ms_mean__mean_across_runs,pose_temporal_displacement_ms_mean__stdev_across_runs,pose_temporal_displacement_ms_mean__median_across_runs,pose_temporal_displacement_ms_mean__min_across_runs,pose_temporal_displacement_ms_mean__max_across_runs,tf_temporal_displacement_ms_mean__mean_across_runs,tf_temporal_displacement_ms_mean__stdev_across_runs,tf_temporal_displacement_ms_mean__median_across_runs,tf_temporal_displacement_ms_mean__min_across_runs,tf_temporal_displacement_ms_mean__max_across_runs,tf_future_margin_ms_mean__mean_across_runs,tf_future_margin_ms_mean__stdev_across_runs,tf_future_margin_ms_mean__median_across_runs,tf_future_margin_ms_mean__min_across_runs,tf_future_margin_ms_mean__max_across_runs,scheduling_displacement_ms_mean__mean_across_runs,scheduling_displacement_ms_mean__stdev_across_runs,scheduling_displacement_ms_mean__median_across_runs,scheduling_displacement_ms_mean__min_across_runs,scheduling_displacement_ms_mean__max_across_runs,planner_computation_ms_mean__mean_across_runs,planner_computation_ms_mean__stdev_across_runs,planner_computation_ms_mean__median_across_runs,planner_computation_ms_mean__min_across_runs,planner_computation_ms_mean__max_across_runs,command_publish_latency_ms_mean__mean_across_runs,command_publish_latency_ms_mean__stdev_across_runs,command_publish_latency_ms_mean__median_across_runs,command_publish_latency_ms_mean__min_across_runs,command_publish_latency_ms_mean__max_across_runs,command_publish_interval_ms_mean__mean_across_runs,command_publish_interval_ms_mean__stdev_across_runs,command_publish_interval_ms_mean__median_across_runs,command_publish_interval_ms_mean__min_across_runs,command_publish_interval_ms_mean__max_across_runs,effective_publish_rate_hz_mean__mean_across_runs,effective_publish_rate_hz_mean__stdev_across_runs,effective_publish_rate_hz_mean__median_across_runs,effective_publish_rate_hz_mean__min_across_runs,effective_publish_rate_hz_mean__max_across_runs,diagnostic_period_exceedance_ratio__mean_across_runs,diagnostic_period_exceedance_ratio__stdev_across_runs,diagnostic_period_exceedance_ratio__median_across_runs,diagnostic_period_exceedance_ratio__min_across_runs,diagnostic_period_exceedance_ratio__max_across_runs,valid_command_ratio__mean_across_runs,valid_command_ratio__stdev_across_runs,valid_command_ratio__median_across_runs,valid_command_ratio__min_across_runs,valid_command_ratio__max_across_runs
T-E1,0,5,5,0,0,23.2802,0.268443104,23.399,22.999,23.6,,,,,,4.42640722,0.020803586,4.435145991,4.400677051,4.449000415,0.253513923,0.019066525,0.261606336,0.220526263,0.268734753,0.026480075,0.004414973,0.029535865,0.021645022,0.029787234,100.000854701,0.005600643,100,99.995652174,100.008547009,100,0,100,100,100,116.36,2.247331751,116,113.55,119.55,145.8,13.084341787,138,135,162,0.495250532,0.057776189,0.499818182,0.4310625,0.569903226,25.27688783,4.998239077,25.483870968,19.181818182,32.8125,,,,,,,,,,,,,,,,,,,,,,,,,,,,,,,,,,,,,,,,,,,,,
T-E1,20,5,5,0,0,28.5104,6.87265173,24.501,23.901,39.948,,,,,,4.855024799,0.570555945,4.503541124,4.421266128,5.719840003,0.236550409,0.051797773,0.26016292,0.150728285,0.281327665,0.025482963,0.007168655,0.024896266,0.017142857,0.032921811,102.807013463,6.519206158,100,99.570833333,114.464183381,100.6,1.341640787,100,100,103,130.16,30.136821332,117,114.8,184,161.8,43.228462846,145,126,225,20.379843507,0.061856801,20.378976744,20.285083333,20.435375,49.340837802,3.782287424,50.361111111,44.473684211,53.860465116,,,,,,,,,,,,,,,,,,,,,,,,,,,,,,,,,,,,,,,,,,,,,
T-E1,50,5,5,0,0,25.3212,3.538451738,23.601,23.401,31.602,,,,,,4.567142305,0.278762101,4.449904363,4.427401628,5.065525198,0.258140069,0.008731243,0.254495889,0.250114053,0.268187672,0.02705322,0.003238716,0.028455285,0.022082019,0.029661017,100.003967723,0.002922184,100.004237288,100,100.008163265,100,0,100,100,100,114.65,2.288558498,114.25,112,117,139.4,6.188699379,141,129,144,50.349041342,0.054909158,50.334393939,50.29490625,50.423714286,77.757364719,6.201613041,79.606060606,67.314285714,82.3125,,,,,,,,,,,,,,,,,,,,,,,,,,,,,,,,,,,,,,,,,,,,,
T-E1,100,5,5,0,0,25.6288,3.963672249,24.101,23.544,32.7,,,,,,4.545166879,0.174713017,4.483127154,4.440415901,4.856081417,0.240285829,0.039375002,0.252945691,0.173493877,0.273985803,0.035702313,0.009836018,0.033755274,0.024390244,0.049382716,99.965982064,0.07377813,100,99.834042553,100,100,0,100,100,100,114.45,1.191637529,114,113,116,147.6,26.034592372,141,130,193,100.341742614,0.050173116,100.335666667,100.29528125,100.423818182,120.031881313,6.057424139,118.84375,113.194444444,128.545454545,,,,,,,,,,,,,,,,,,,,,,,,,,,,,,,,,,,,,,,,,,,,,
T-E1,200,5,5,0,0,23.8806,0.37806719,24.1,23.3,24.204,,,,,,4.451332012,0.034563234,4.443747106,4.418742191,4.504508302,0.262407559,0.01175795,0.256244063,0.254092216,0.281898111,0.034166276,0.009724287,0.02991453,0.024793388,0.049382716,99.999135253,0.006184525,100,99.991561181,100.008264463,99.8,0.447213595,100,99,100,115.92,1.758408371,116,114,118.2,140.8,7.791020472,141,132,149,200.390075644,0.132875717,200.384030303,200.2679375,200.607066667,228.294750446,7.820929167,232.566666667,217.941176471,235.84375,,,,,,,,,,,,,,,,,,,,,,,,,,,,,,,,,,,,,,,,,,,,,
T-E1,500,5,5,0,0,38.5412,7.830618188,33.7,32.8,50.602,,,,,,4.802162343,0.466748399,4.618840297,4.410519045,5.473121427,0.201521826,0.025862793,0.212924853,0.165627837,0.225799575,0.259560357,0.015751359,0.264880952,0.234449761,0.273100616,101.958875526,1.338208487,101.683453237,100.597014925,104.119341564,100,0,100,100,100,132.01,1.778482499,132,130,134.75,495,259.896133099,441,238,932,500.31857924,0.040559133,500.318702703,500.262742857,500.358882353,594.350523615,23.612058479,585.676470588,578.351351351,635.890909091,,,,,,,,,,,,,,,,,,,,,,,,,,,,,,,,,,,,,,,,,,,,,
T-E1,1000,5,4,1,0,71.97575,23.96972993,72.752,46.199,96.2,59.298,,59.298,59.298,59.298,4.809838691,0.786014025,4.593010173,3.935444829,5.866224186,0.156904384,0.025526967,0.156955555,0.128128827,0.188294485,0.414431072,0.101897467,0.374647887,0.358974359,0.595785441,141.859988253,21.389026547,141.733333333,113.548944338,169.097888676,99.6,0.894427191,100,98,100,282.14,47.840861196,300,197,311.7,3167.2,1245.344008698,2744,1932,5001,1000.310128312,0.049303855,1000.29862069,1000.261677419,1000.386184615,1443.784128079,197.595895961,1443.135135135,1245.413793103,1647.676923077,,,,,,,,,,,,,,,,,,,,,,,,,,,,,,,,,,,,,,,,,,,,,
T-E2,0,5,5,0,0,23.8604,1.258031518,23.303,23.198,26.1,,,,,,4.461517896,0.089141516,4.430317402,4.394172385,4.618231179,0.26765368,0.008874051,0.270152152,0.252443165,0.27574569,0.026700681,0.003444825,0.026717557,0.021459227,0.02991453,99.999985295,0.005264097,100,99.99137931,100.004291845,100.1,0.223606798,100,100,100.5,115.93,3.283214888,115,112,119.45,146.4,10.922453937,150,129,158,0.393159705,0.033452949,0.377401294,0.361200913,0.443286822,,,,,,24.644443687,9.224045035,30.184466019,12.603389831,31.988679245,475.355556313,9.224045035,469.815533981,468.011320755,487.396610169,,,,,,,,,,,,,,,,,,,,,,,,,,,,,,,,,,,
T-E2,20,5,5,0,0,24.7796,1.028754976,24.201,23.901,26,,,,,,4.507773212,0.101850715,4.459979858,4.416690346,4.636364249,0.251037949,0.021122445,0.260640204,0.223063365,0.270264,0.02414036,0.005687893,0.020833333,0.019379845,0.032921811,99.976815666,0.058847548,100.004132231,99.871595331,100.0041841,99.8,0.447213595,100,99,100,117.01,1.877631487,117,114,119,142.2,11.649034295,137,136,163,20.373381133,0.021104278,20.365661442,20.349726644,20.404106838,,,,,,48.88929294,2.573918196,49.950757576,46.059561129,51.149377593,451.11070706,2.573918196,450.049242424,448.850622407,453.940438871,,,,,,,,,,,,,,,,,,,,,,,,,,,,,,,,,,,
T-E2,50,5,5,0,0,23.7208,0.521403586,23.701,23.202,24.5,,,,,,4.428243028,0.014481651,4.424154563,4.411312767,4.449181425,0.252954084,0.017757087,0.253339678,0.225508586,0.272513151,0.028529167,0.004467728,0.029166667,0.021367521,0.033613445,100.0000037,0.003041338,100,99.995708155,100.004310345,100,0,100,100,100,118.52,1.551450934,118,117,121.1,137.4,8.35463943,135,132,152,50.414380116,0.180519742,50.334204167,50.324841642,50.737092527,,,,,,79.60729244,1.396423639,78.745833333,78.527859238,81.575757576,420.39270756,1.396423639,421.254166667,418.424242424,421.472140762,,,,,,,,,,,,,,,,,,,,,,,,,,,,,,,,,,,
T-E2,100,5,5,0,0,23.779,1.284584952,23.301,22.694,26,,,,,,4.45944829,0.084779473,4.43850645,4.369318747,4.599377424,0.258332226,0.017210572,0.260378718,0.229253635,0.272244841,0.025158068,0.003082646,0.025316456,0.021929825,0.02991453,99.994702745,0.012926576,100,99.973568282,100.004291845,100,0,100,100,100,115.33,2.251555018,115.25,112.4,118,139.4,11.148990986,138,129,158,100.510878527,0.192146733,100.416991837,100.360608856,100.829183801,,,,,,120.266726614,4.167665316,121.20295203,115.143302181,126.07755102,379.733273386,4.167665316,378.79704797,373.92244898,384.856697819,,,,,,,,,,,,,,,,,,,,,,,,,,,,,,,,,,,
T-E2,200,5,5,0,0,23.7612,0.415476473,24.001,23.102,24.1,,,,,,4.428554944,0.033984192,4.434058511,4.37331163,4.464189689,0.248465291,0.023590176,0.26084277,0.214486554,0.269047678,0.033437465,0.013549056,0.033195021,0.020746888,0.053719008,100.003412393,0.003607448,100.004166667,100,100.008658009,100,0,100,100,100,118.76,2.707720443,118,117,123.5,143.6,11.392980295,142,131,161,200.565260174,0.266629179,200.446554622,200.335086142,200.98373617,,,,,,234.621637893,6.481350221,234.839721254,228.142512077,242.604255319,265.378362107,6.481350221,265.160278746,257.395744681,271.857487923,,,,,,,,,,,,,,,,,,,,,,,,,,,,,,,,,,,
T-E4,0,5,5,0,0,24.1408,1.031345577,23.999,23.101,25.6,,,,,,4.470343518,0.066416288,4.455339361,4.423071107,4.586303586,0.264944786,0.006474172,0.262123495,0.259996057,0.276019305,0.024759159,0.00285322,0.024193548,0.021459227,0.029045643,99.875762214,0.191216108,99.995833333,99.573275862,100.016194332,100,0,100,100,100,117.05,2.763602721,118,114,120,138.4,6.580273551,137,130,146,0.412935987,0.049165689,0.42100431,0.355435294,0.468784553,,,,,,,,,,,,,,,,0.286510561,0.019241331,0.285714286,0.264227642,0.309803922,30.797863035,0.754821917,31.076142241,29.915941176,31.66674026,29.730631893,0.699209259,29.638211382,28.960784314,30.810344828,99.835628358,0.047976864,99.820408163,99.800865801,99.920168067,10.135647802,0.02830416,10.139791116,10.090294947,10.168779803,0,0,0,0,0,1,0,1,1,1
T-E4,20,5,5,0,0,24.2414,0.584859641,24.102,23.602,25.2,,,,,,4.450764511,0.036432289,4.436617484,4.414121306,4.507268254,0.229687083,0.037831826,0.245119989,0.178944558,0.262850493,0.042365016,0.019451279,0.033057851,0.025316456,0.071146245,99.921512044,0.182511631,100.004132231,99.595041322,100.004237288,100,0,100,100,100,116.6,2.302172887,117,114,120,151.4,12.012493496,153,131,162,20.510075526,0.11927179,20.455651064,20.438875,20.720564315,,,,,,,,,,,,,,,,20.053714047,0.140793558,20.0125,19.925311203,20.286307054,28.515660597,1.330111138,28.168551867,27.411642553,30.623717842,47.69914151,1.119778481,47.456431535,46.573705179,49.199170124,99.853727983,0.015934304,99.856,99.828451883,99.867521368,10.127439155,0.041083589,10.112038026,10.098090013,10.19910281,0.001659751,0.003711316,0,0,0.008298755,1,0,1,1,1
T-E4,50,5,5,0,0,24.102,1.186930284,23.3,23.202,25.402,,,,,,4.484415041,0.067279276,4.443950721,4.431319616,4.583370446,0.259194806,0.012473277,0.260901541,0.242284849,0.274565846,0.027215539,0.004618079,0.025751073,0.023529412,0.035294118,100.092543634,0.19289112,100.003937008,100,100.437229437,100,0,100,100,100,117.36,1.272497544,117,116,119,183,5.787918451,183,177,191,50.526414619,0.123434181,50.53713913,50.402995671,50.715636364,,,,,,,,,,,,,,,,49.37467367,0.62104444,49.530172414,48.32173913,49.956521739,29.804704395,0.896087233,29.87125431,28.670355731,30.717526087,78.465299558,0.604503685,78.595652174,77.636363636,79.102766798,99.947970806,0.200965427,99.869047619,99.825396825,100.305676856,10.121022822,0.022343671,10.112978807,10.095252236,10.145843081,0.027103624,0.011925698,0.025974026,0.011857708,0.039130435,1,0,1,1,1
T-E4,100,5,5,0,0,23.661,0.376638421,23.638,23.287,24.255,,,,,,4.428683413,0.009432228,4.423633038,4.422273554,4.444365886,0.252798724,0.013789557,0.251499921,0.238920256,0.272885084,0.041269783,0.007552108,0.041237113,0.032432432,0.052631579,125.997035407,0.623188229,126.212765957,125.068783069,126.559782609,127.6,0.547722558,128,127,128,143.65,1.235920709,143,142.85,145.8,233,4.69041576,232,228,240,100.440521525,0.012718737,100.444704918,100.422326203,100.453335106,,,,,,,,,,,,,,,,99.613683077,0.557755387,99.918032787,98.872340426,100.155080214,26.561473112,0.438476638,26.654755435,26.080951872,27.068808743,125.665182696,0.69190204,125.860962567,124.585106383,126.349726776,126.098254937,0.625740896,126.327956989,125.171122995,126.686813187,8.007934507,0.052145028,7.98444439,7.956534088,8.075620098,0.935909794,0.021836575,0.941176471,0.89893617,0.956284153,1,0,1,1,1
T-E4,200,5,5,0,0,24.7588,1.977725638,24.297,23.368,28.178,,,,,,4.601195982,0.307468993,4.46522129,4.439428929,5.149638088,0.261029804,0.013486767,0.260309368,0.24038887,0.274870723,0.048507954,0.008698329,0.047169811,0.03968254,0.063063063,223.384941419,1.150319236,222.908256881,222.552380952,225.4,225.6,0.547722558,226,225,226,240.35,3.660259554,240.4,237,245.8,332,6.519202405,331,324,342,200.362761756,0.025407775,200.355,200.344692308,200.406362903,,,,,,,,,,,,,,,,198.258455674,0.183819747,198.231481481,198.080645161,198.480769231,26.387778543,1.183923782,26.249416667,25.042653846,28.271201613,224.059438323,1.09586767,223.694444444,223.221153846,225.975806452,224.446524472,1.098020878,224.046728972,223.553398058,226.349593496,4.467788438,0.021104059,4.473654407,4.431253683,4.484127798,1,0,1,1,1,1,0,1,1,1
T-E4,500,5,4,0,1,28.3695,2.830161421,27.484,26.023,32.487,64.756,,64.756,64.756,64.756,4.721218781,0.140540004,4.680802418,4.595616562,4.962364897,0.269350749,0.011559711,0.271819323,0.253333718,0.283854544,0.156522016,0.112739954,0.111111111,0.090909091,0.357512953,476.140380287,78.823910926,509.444444444,335.317708333,518.075471698,513.3,12.765187033,519,490.5,520,533.42,4.734791442,532.55,526.45,538,632.2,3.1144823,632,629,637,500.328743593,0.028560306,500.332754717,500.297862319,500.357365079,,,,,,,,,,,,,,,,492.82348722,2.158613154,493.79245283,489.101449275,494.42,20.093215883,6.280123796,21.914716981,9.165934783,24.67028,512.335085381,8.305440766,515.641509434,497.782608696,518.08,512.537681987,8.348289959,516,497.883211679,518.204081633,1.978399736,0.089242748,1.9392368,1.930825477,2.137654679,0.998550725,0.003240678,1,0.992753623,1,1,0,1,1,1
T-E4,1000,5,4,0,1,37.47525,6.101123141,36.495,31.373,45.538,54.399,,54.399,54.399,54.399,5.744468489,0.572930492,5.654772327,4.926963877,6.473161491,0.215957278,0.054942453,0.223871082,0.139415219,0.285836965,0.157851688,0.066520104,0.127659574,0.111111111,0.273972603,938.826190211,104.854396047,985.153846154,751.361111111,989.869565217,1008.2,9.757048734,1011,991,1015,1027.27,4.127741513,1027.15,1021.35,1032.1,1113.4,10.139033485,1114,1101,1126,1000.322325924,0.022715093,1000.317290323,1000.294058824,1000.355815789,,,,,,,,,,,,,,,,985.877821538,2.544750629,986.377777778,981.732142857,988.129032258,21.250485838,4.153245676,22.151133333,14.741642857,26.014647059,1006.901166912,6.344483683,1008.157894737,996.107142857,1012.911764706,1007.17045864,6.364090814,1008.833333333,996.309090909,1013.060606061,0.993225459,0.006648637,0.991363787,0.987198989,1.004616728,1,0,1,1,1,1,0,1,1,1
