tf_send_time_sec,scan_time_sec,tf_stamp_sec,hook,temporal_displacement_ms,tf_stamp_lag_ms,requested_delay_us,measured_delay_us,delay_error_us
2.387000000,2.331000000,2.831000000,map_odom_tf_new_pose,56.000000000,-444.000000000,0,363,363
2.565000000,2.532000000,3.032000000,map_odom_tf_republish,33.000000000,-467.000000000,0,127,127
2.765000000,2.731000000,3.231000000,map_odom_tf_republish,34.000000000,-466.000000000,0,63,63
2.965000000,2.931000000,3.431000000,map_odom_tf_republish,34.000000000,-466.000000000,0,184,184
3.165000000,3.131000000,3.631000000,map_odom_tf_republish,34.000000000,-466.000000000,0,533,533
3.366000000,3.331000000,3.831000000,map_odom_tf_republish,35.000000000,-465.000000000,0,917,917
3.565000000,3.531000000,4.031000000,map_odom_tf_republish,34.000000000,-466.000000000,0,78,78
3.765000000,3.731000000,4.231000000,map_odom_tf_republish,34.000000000,-466.000000000,0,116,116
3.966000000,3.931000000,4.431000000,map_odom_tf_republish,35.000000000,-465.000000000,0,540,540
4.165000000,4.132000000,4.632000000,map_odom_tf_republish,33.000000000,-467.000000000,0,153,153
4.365000000,4.331000000,4.831000000,map_odom_tf_republish,34.000000000,-466.000000000,0,203,203
4.565000000,4.531000000,5.031000000,map_odom_tf_republish,34.000000000,-466.000000000,0,406,406
4.765000000,4.731000000,5.231000000,map_odom_tf_republish,34.000000000,-466.000000000,0,171,171
4.965000000,4.931000000,5.431000000,map_odom_tf_republish,34.000000000,-466.000000000,0,318,318
5.165000000,5.131000000,5.631000000,map_odom_tf_republish,34.000000000,-466.000000000,0,228,228
5.365000000,5.331000000,5.831000000,map_odom_tf_republish,34.000000000,-466.000000000,0,563,563
5.566000000,5.531000000,6.031000000,map_odom_tf_republish,35.000000000,-465.000000000,0,392,392
5.766000000,5.731000000,6.231000000,map_odom_tf_republish,35.000000000,-465.000000000,0,431,431
5.966000000,5.931000000,6.431000000,map_odom_tf_republish,35.000000000,-465.000000000,0,57,57
6.165000000,6.131000000,6.631000000,map_odom_tf_republish,34.000000000,-466.000000000,0,57,57
6.365000000,6.331000000,6.831000000,map_odom_tf_republish,34.000000000,-466.000000000,0,651,651
6.565000000,6.531000000,7.031000000,map_odom_tf_republish,34.000000000,-466.000000000,0,445,445
6.765000000,6.731000000,7.231000000,map_odom_tf_republish,34.000000000,-466.000000000,0,541,541
6.965000000,6.931000000,7.431000000,map_odom_tf_republish,34.000000000,-466.000000000,0,142,142
7.165000000,7.131000000,7.631000000,map_odom_tf_republish,34.000000000,-466.000000000,0,172,172
7.365000000,7.331000000,7.831000000,map_odom_tf_republish,34.000000000,-466.000000000,0,181,181
7.565000000,7.531000000,8.031000000,map_odom_tf_republish,34.000000000,-466.000000000,0,534,534
7.765000000,7.731000000,8.231000000,map_odom_tf_republish,34.000000000,-466.000000000,0,415,415
7.965000000,7.931000000,8.431000000,map_odom_tf_republish,34.000000000,-466.000000000,0,291,291
8.165000000,8.131000000,8.631000000,map_odom_tf_republish,34.000000000,-466.000000000,0,303,303
8.365000000,8.331000000,8.831000000,map_odom_tf_republish,34.000000000,-466.000000000,0,269,269
8.565000000,8.531000000,9.031000000,map_odom_tf_republish,34.000000000,-466.000000000,0,526,526
8.766000000,8.731000000,9.231000000,map_odom_tf_republish,35.000000000,-465.000000000,0,2995,2995
8.982000000,8.931000000,9.431000000,map_odom_tf_new_pose,51.000000000,-449.000000000,0,177,177
9.165000000,9.131000000,9.631000000,map_odom_tf_republish,34.000000000,-466.000000000,0,141,141
9.365000000,9.331000000,9.831000000,map_odom_tf_republish,34.000000000,-466.000000000,0,187,187
9.565000000,9.531000000,10.031000000,map_odom_tf_republish,34.000000000,-466.000000000,0,315,315
9.766000000,9.731000000,10.231000000,map_odom_tf_republish,35.000000000,-465.000000000,0,232,232
9.965000000,9.931000000,10.431000000,map_odom_tf_republish,34.000000000,-466.000000000,0,711,711
10.165000000,10.131000000,10.631000000,map_odom_tf_republish,34.000000000,-466.000000000,0,57,57
10.366000000,10.332000000,10.832000000,map_odom_tf_republish,34.000000000,-466.000000000,0,441,441
10.565000000,10.531000000,11.031000000,map_odom_tf_republish,34.000000000,-466.000000000,0,145,145
10.765000000,10.731000000,11.231000000,map_odom_tf_republish,34.000000000,-466.000000000,0,480,480
10.965000000,10.931000000,11.431000000,map_odom_tf_republish,34.000000000,-466.000000000,0,404,404
11.166000000,11.131000000,11.631000000,map_odom_tf_republish,35.000000000,-465.000000000,0,511,511
11.365000000,11.331000000,11.831000000,map_odom_tf_republish,34.000000000,-466.000000000,0,477,477
11.565000000,11.531000000,12.031000000,map_odom_tf_republish,34.000000000,-466.000000000,0,257,257
11.767000000,11.731000000,12.231000000,map_odom_tf_republish,36.000000000,-464.000000000,0,1721,1721
11.965000000,11.931000000,12.431000000,map_odom_tf_republish,34.000000000,-466.000000000,0,385,385
12.165000000,12.131000000,12.631000000,map_odom_tf_republish,34.000000000,-466.000000000,0,529,529
12.365000000,12.331000000,12.831000000,map_odom_tf_republish,34.000000000,-466.000000000,0,270,270
12.566000000,12.531000000,13.031000000,map_odom_tf_republish,35.000000000,-465.000000000,0,190,190
12.766000000,12.731000000,13.231000000,map_odom_tf_republish,35.000000000,-465.000000000,0,475,475
12.965000000,12.931000000,13.431000000,map_odom_tf_republish,34.000000000,-466.000000000,0,179,179
13.165000000,13.131000000,13.631000000,map_odom_tf_republish,34.000000000,-466.000000000,0,172,172
13.366000000,13.331000000,13.831000000,map_odom_tf_republish,35.000000000,-465.000000000,0,454,454
13.565000000,13.531000000,14.031000000,map_odom_tf_republish,34.000000000,-466.000000000,0,138,138
13.765000000,13.731000000,14.231000000,map_odom_tf_republish,34.000000000,-466.000000000,0,322,322
13.965000000,13.931000000,14.431000000,map_odom_tf_republish,34.000000000,-466.000000000,0,383,383
14.166000000,14.131000000,14.631000000,map_odom_tf_republish,35.000000000,-465.000000000,0,259,259
14.366000000,14.331000000,14.831000000,map_odom_tf_republish,35.000000000,-465.000000000,0,251,251
14.566000000,14.531000000,15.031000000,map_odom_tf_republish,35.000000000,-465.000000000,0,158,158
14.766000000,14.731000000,15.231000000,map_odom_tf_republish,35.000000000,-465.000000000,0,151,151
14.965000000,14.931000000,15.431000000,map_odom_tf_republish,34.000000000,-466.000000000,0,169,169
15.166000000,15.131000000,15.631000000,map_odom_tf_republish,35.000000000,-465.000000000,0,227,227
15.365000000,15.331000000,15.831000000,map_odom_tf_republish,34.000000000,-466.000000000,0,359,359
15.565000000,15.531000000,16.031000000,map_odom_tf_republish,34.000000000,-466.000000000,0,216,216
15.765000000,15.731000000,16.231000000,map_odom_tf_republish,34.000000000,-466.000000000,0,199,199
15.965000000,15.931000000,16.431000000,map_odom_tf_republish,34.000000000,-466.000000000,0,133,133
16.165000000,16.131000000,16.631000000,map_odom_tf_republish,34.000000000,-466.000000000,0,156,156
16.365000000,16.331000000,16.831000000,map_odom_tf_republish,34.000000000,-466.000000000,0,245,245
16.565000000,16.531000000,17.031000000,map_odom_tf_republish,34.000000000,-466.000000000,0,183,183
16.765000000,16.731000000,17.231000000,map_odom_tf_republish,34.000000000,-466.000000000,0,312,312
16.965000000,16.932000000,17.432000000,map_odom_tf_republish,33.000000000,-467.000000000,0,252,252
17.165000000,17.134000000,17.634000000,map_odom_tf_republish,31.000000000,-469.000000000,0,203,203
17.366000000,17.332000000,17.832000000,map_odom_tf_republish,34.000000000,-466.000000000,0,415,415
17.565000000,17.532000000,18.032000000,map_odom_tf_republish,33.000000000,-467.000000000,0,358,358
17.765000000,17.732000000,18.232000000,map_odom_tf_republish,33.000000000,-467.000000000,0,61,61
17.966000000,17.932000000,18.432000000,map_odom_tf_republish,34.000000000,-466.000000000,0,720,720
18.165000000,18.132000000,18.632000000,map_odom_tf_republish,33.000000000,-467.000000000,0,55,55
18.365000000,18.332000000,18.832000000,map_odom_tf_republish,33.000000000,-467.000000000,0,432,432
18.565000000,18.532000000,19.032000000,map_odom_tf_republish,33.000000000,-467.000000000,0,106,106
18.765000000,18.732000000,19.232000000,map_odom_tf_republish,33.000000000,-467.000000000,0,148,148
18.965000000,18.932000000,19.432000000,map_odom_tf_republish,33.000000000,-467.000000000,0,238,238
19.165000000,19.132000000,19.632000000,map_odom_tf_republish,33.000000000,-467.000000000,0,313,313
19.365000000,19.332000000,19.832000000,map_odom_tf_republish,33.000000000,-467.000000000,0,208,208
19.565000000,19.535000000,20.035000000,map_odom_tf_republish,30.000000000,-470.000000000,0,207,207
19.765000000,19.733000000,20.233000000,map_odom_tf_republish,32.000000000,-468.000000000,0,457,457
19.965000000,19.933000000,20.433000000,map_odom_tf_republish,32.000000000,-468.000000000,0,95,95
20.165000000,20.133000000,20.633000000,map_odom_tf_republish,32.000000000,-468.000000000,0,151,151
20.365000000,20.333000000,20.833000000,map_odom_tf_republish,32.000000000,-468.000000000,0,280,280
20.565000000,20.533000000,21.033000000,map_odom_tf_republish,32.000000000,-468.000000000,0,271,271
20.765000000,20.734000000,21.234000000,map_odom_tf_republish,31.000000000,-469.000000000,0,368,368
20.965000000,20.933000000,21.433000000,map_odom_tf_republish,32.000000000,-468.000000000,0,614,614
21.165000000,21.134000000,21.634000000,map_odom_tf_republish,31.000000000,-469.000000000,0,121,121
21.366000000,21.333000000,21.833000000,map_odom_tf_republish,33.000000000,-467.000000000,0,145,145
21.565000000,21.533000000,22.033000000,map_odom_tf_republish,32.000000000,-468.000000000,0,428,428
21.765000000,21.733000000,22.233000000,map_odom_tf_republish,32.000000000,-468.000000000,0,600,600
21.965000000,21.933000000,22.433000000,map_odom_tf_republish,32.000000000,-468.000000000,0,615,615
22.165000000,22.133000000,22.633000000,map_odom_tf_republish,32.000000000,-468.000000000,0,484,484
22.366000000,22.333000000,22.833000000,map_odom_tf_republish,33.000000000,-467.000000000,0,393,393
22.566000000,22.533000000,23.033000000,map_odom_tf_republish,33.000000000,-467.000000000,0,319,319
22.767000000,22.733000000,23.233000000,map_odom_tf_republish,34.000000000,-466.000000000,0,517,517
22.965000000,22.933000000,23.433000000,map_odom_tf_republish,32.000000000,-468.000000000,0,564,564
23.165000000,23.134000000,23.634000000,map_odom_tf_republish,31.000000000,-469.000000000,0,738,738
23.366000000,23.334000000,23.834000000,map_odom_tf_republish,32.000000000,-468.000000000,0,605,605
23.566000000,23.534000000,24.034000000,map_odom_tf_republish,32.000000000,-468.000000000,0,786,786
23.765000000,23.734000000,24.234000000,map_odom_tf_republish,31.000000000,-469.000000000,0,328,328
23.965000000,23.934000000,24.434000000,map_odom_tf_republish,31.000000000,-469.000000000,0,451,451
24.165000000,24.134000000,24.634000000,map_odom_tf_republish,31.000000000,-469.000000000,0,659,659
24.365000000,24.334000000,24.834000000,map_odom_tf_republish,31.000000000,-469.000000000,0,490,490
24.566000000,24.534000000,25.034000000,map_odom_tf_republish,32.000000000,-468.000000000,0,366,366
24.765000000,24.734000000,25.234000000,map_odom_tf_republish,31.000000000,-469.000000000,0,395,395
24.965000000,24.934000000,25.434000000,map_odom_tf_republish,31.000000000,-469.000000000,0,176,176
25.165000000,25.134000000,25.634000000,map_odom_tf_republish,31.000000000,-469.000000000,0,74,74
25.366000000,25.334000000,25.834000000,map_odom_tf_republish,32.000000000,-468.000000000,0,588,588
25.566000000,25.534000000,26.034000000,map_odom_tf_republish,32.000000000,-468.000000000,0,118,118
25.765000000,25.734000000,26.234000000,map_odom_tf_republish,31.000000000,-469.000000000,0,123,123
25.965000000,25.934000000,26.434000000,map_odom_tf_republish,31.000000000,-469.000000000,0,255,255
26.166000000,26.134000000,26.634000000,map_odom_tf_republish,32.000000000,-468.000000000,0,55,55
26.365000000,26.334000000,26.834000000,map_odom_tf_republish,31.000000000,-469.000000000,0,245,245
26.566000000,26.534000000,27.034000000,map_odom_tf_republish,32.000000000,-468.000000000,0,537,537
26.766000000,26.734000000,27.234000000,map_odom_tf_republish,32.000000000,-468.000000000,0,452,452
26.965000000,26.934000000,27.434000000,map_odom_tf_republish,31.000000000,-469.000000000,0,153,153
27.165000000,27.135000000,27.635000000,map_odom_tf_republish,30.000000000,-470.000000000,0,361,361
27.365000000,27.334000000,27.834000000,map_odom_tf_republish,31.000000000,-469.000000000,0,201,201
27.565000000,27.534000000,28.034000000,map_odom_tf_republish,31.000000000,-469.000000000,0,189,189
27.765000000,27.734000000,28.234000000,map_odom_tf_republish,31.000000000,-469.000000000,0,474,474
27.965000000,27.934000000,28.434000000,map_odom_tf_republish,31.000000000,-469.000000000,0,496,496
28.165000000,28.134000000,28.634000000,map_odom_tf_republish,31.000000000,-469.000000000,0,435,435
28.365000000,28.334000000,28.834000000,map_odom_tf_republish,31.000000000,-469.000000000,0,341,341
28.566000000,28.534000000,29.034000000,map_odom_tf_republish,32.000000000,-468.000000000,0,67,67
28.765000000,28.734000000,29.234000000,map_odom_tf_republish,31.000000000,-469.000000000,0,524,524
28.965000000,28.934000000,29.434000000,map_odom_tf_republish,31.000000000,-469.000000000,0,244,244
29.165000000,29.134000000,29.634000000,map_odom_tf_republish,31.000000000,-469.000000000,0,1220,1220
29.366000000,29.334000000,29.834000000,map_odom_tf_republish,32.000000000,-468.000000000,0,569,569
29.567000000,29.534000000,30.034000000,map_odom_tf_republish,33.000000000,-467.000000000,0,695,695
29.765000000,29.734000000,30.234000000,map_odom_tf_republish,31.000000000,-469.000000000,0,705,705
29.965000000,29.934000000,30.434000000,map_odom_tf_republish,31.000000000,-469.000000000,0,598,598
30.166000000,30.134000000,30.634000000,map_odom_tf_republish,32.000000000,-468.000000000,0,181,181
30.366000000,30.334000000,30.834000000,map_odom_tf_republish,32.000000000,-468.000000000,0,383,383
30.566000000,30.534000000,31.034000000,map_odom_tf_republish,32.000000000,-468.000000000,0,668,668
30.765000000,30.734000000,31.234000000,map_odom_tf_republish,31.000000000,-469.000000000,0,198,198
30.965000000,30.934000000,31.434000000,map_odom_tf_republish,31.000000000,-469.000000000,0,409,409
31.166000000,31.134000000,31.634000000,map_odom_tf_republish,32.000000000,-468.000000000,0,333,333
31.367000000,31.334000000,31.834000000,map_odom_tf_republish,33.000000000,-467.000000000,0,631,631
31.565000000,31.534000000,32.034000000,map_odom_tf_republish,31.000000000,-469.000000000,0,439,439
31.766000000,31.734000000,32.234000000,map_odom_tf_republish,32.000000000,-468.000000000,0,422,422
31.965000000,31.934000000,32.434000000,map_odom_tf_republish,31.000000000,-469.000000000,0,545,545
32.166000000,32.136000000,32.636000000,map_odom_tf_republish,30.000000000,-470.000000000,0,566,566
32.366000000,32.335000000,32.835000000,map_odom_tf_republish,31.000000000,-469.000000000,0,284,284
32.565000000,32.535000000,33.035000000,map_odom_tf_republish,30.000000000,-470.000000000,0,468,468
32.765000000,32.735000000,33.235000000,map_odom_tf_republish,30.000000000,-470.000000000,0,176,176
32.965000000,32.935000000,33.435000000,map_odom_tf_republish,30.000000000,-470.000000000,0,155,155
33.165000000,33.135000000,33.635000000,map_odom_tf_republish,30.000000000,-470.000000000,0,122,122
33.365000000,33.335000000,33.835000000,map_odom_tf_republish,30.000000000,-470.000000000,0,464,464
33.565000000,33.535000000,34.035000000,map_odom_tf_republish,30.000000000,-470.000000000,0,202,202
33.765000000,33.735000000,34.235000000,map_odom_tf_republish,30.000000000,-470.000000000,0,267,267
33.965000000,33.935000000,34.435000000,map_odom_tf_republish,30.000000000,-470.000000000,0,388,388
34.165000000,34.135000000,34.635000000,map_odom_tf_republish,30.000000000,-470.000000000,0,358,358
34.365000000,34.336000000,34.836000000,map_odom_tf_republish,29.000000000,-471.000000000,0,756,756
34.565000000,34.536000000,35.036000000,map_odom_tf_republish,29.000000000,-471.000000000,0,723,723
34.786000000,34.736000000,35.236000000,map_odom_tf_new_pose,50.000000000,-450.000000000,0,87,87
34.965000000,34.936000000,35.436000000,map_odom_tf_republish,29.000000000,-471.000000000,0,625,625
35.196000000,35.136000000,35.636000000,map_odom_tf_new_pose,60.000000000,-440.000000000,0,203,203
35.395000000,35.336000000,35.836000000,map_odom_tf_new_pose,59.000000000,-441.000000000,0,82,82
35.590000000,35.536000000,36.036000000,map_odom_tf_new_pose,54.000000000,-446.000000000,0,353,353
35.765000000,35.736000000,36.236000000,map_odom_tf_republish,29.000000000,-471.000000000,0,187,187
35.982000000,35.936000000,36.436000000,map_odom_tf_new_pose,46.000000000,-454.000000000,0,310,310
36.166000000,36.136000000,36.636000000,map_odom_tf_republish,30.000000000,-470.000000000,0,694,694
36.365000000,36.336000000,36.836000000,map_odom_tf_republish,29.000000000,-471.000000000,0,123,123
36.565000000,36.536000000,37.036000000,map_odom_tf_republish,29.000000000,-471.000000000,0,278,278
36.766000000,36.736000000,37.236000000,map_odom_tf_republish,30.000000000,-470.000000000,0,656,656
36.974000000,36.936000000,37.436000000,map_odom_tf_new_pose,38.000000000,-462.000000000,0,254,254
37.166000000,37.136000000,37.636000000,map_odom_tf_republish,30.000000000,-470.000000000,0,680,680
37.365000000,37.336000000,37.836000000,map_odom_tf_republish,29.000000000,-471.000000000,0,417,417
37.565000000,37.536000000,38.036000000,map_odom_tf_republish,29.000000000,-471.000000000,0,250,250
37.767000000,37.736000000,38.236000000,map_odom_tf_republish,31.000000000,-469.000000000,0,651,651
37.973000000,37.936000000,38.436000000,map_odom_tf_new_pose,37.000000000,-463.000000000,0,580,580
38.165000000,38.138000000,38.638000000,map_odom_tf_republish,27.000000000,-473.000000000,0,1023,1023
38.365000000,38.338000000,38.838000000,map_odom_tf_republish,27.000000000,-473.000000000,0,93,93
38.565000000,38.538000000,39.038000000,map_odom_tf_republish,27.000000000,-473.000000000,0,325,325
38.770000000,38.738000000,39.238000000,map_odom_tf_new_pose,32.000000000,-468.000000000,0,642,642
38.965000000,38.939000000,39.439000000,map_odom_tf_republish,26.000000000,-474.000000000,0,288,288
39.165000000,39.139000000,39.639000000,map_odom_tf_republish,26.000000000,-474.000000000,0,422,422
39.365000000,39.339000000,39.839000000,map_odom_tf_republish,26.000000000,-474.000000000,0,839,839
39.570000000,39.539000000,40.039000000,map_odom_tf_new_pose,31.000000000,-469.000000000,0,183,183
39.765000000,39.739000000,40.239000000,map_odom_tf_republish,26.000000000,-474.000000000,0,257,257
39.966000000,39.939000000,40.439000000,map_odom_tf_republish,27.000000000,-473.000000000,0,440,440
40.165000000,40.139000000,40.639000000,map_odom_tf_republish,26.000000000,-474.000000000,0,423,423
40.365000000,40.339000000,40.839000000,map_odom_tf_republish,26.000000000,-474.000000000,0,266,266
40.569000000,40.539000000,41.039000000,map_odom_tf_new_pose,30.000000000,-470.000000000,0,997,997
40.767000000,40.739000000,41.239000000,map_odom_tf_republish,28.000000000,-472.000000000,0,594,594
40.965000000,40.940000000,41.440000000,map_odom_tf_republish,25.000000000,-475.000000000,0,409,409
41.165000000,41.139000000,41.639000000,map_odom_tf_republish,26.000000000,-474.000000000,0,119,119
41.364000000,41.339000000,41.839000000,map_odom_tf_republish,25.000000000,-475.000000000,0,194,194
41.566000000,41.539000000,42.039000000,map_odom_tf_new_pose,27.000000000,-473.000000000,0,181,181
41.765000000,41.740000000,42.240000000,map_odom_tf_republish,25.000000000,-475.000000000,0,468,468
41.965000000,41.940000000,42.440000000,map_odom_tf_republish,25.000000000,-475.000000000,0,213,213
42.166000000,42.139000000,42.639000000,map_odom_tf_republish,27.000000000,-473.000000000,0,396,396
42.365000000,42.339000000,42.839000000,map_odom_tf_republish,26.000000000,-474.000000000,0,289,289
42.567000000,42.539000000,43.039000000,map_odom_tf_new_pose,28.000000000,-472.000000000,0,306,306
42.765000000,42.739000000,43.239000000,map_odom_tf_republish,26.000000000,-474.000000000,0,106,106
42.965000000,42.941000000,43.441000000,map_odom_tf_republish,24.000000000,-476.000000000,0,124,124
43.165000000,43.139000000,43.639000000,map_odom_tf_republish,26.000000000,-474.000000000,0,151,151
43.365000000,43.341000000,43.841000000,map_odom_tf_republish,24.000000000,-476.000000000,0,241,241
43.571000000,43.540000000,44.040000000,map_odom_tf_new_pose,31.000000000,-469.000000000,0,169,169
43.766000000,43.740000000,44.240000000,map_odom_tf_republish,26.000000000,-474.000000000,0,477,477
43.965000000,43.940000000,44.440000000,map_odom_tf_republish,25.000000000,-475.000000000,0,644,644
44.165000000,44.140000000,44.640000000,map_odom_tf_republish,25.000000000,-475.000000000,0,56,56
44.365000000,44.340000000,44.840000000,map_odom_tf_republish,25.000000000,-475.000000000,0,275,275
44.569000000,44.540000000,45.040000000,map_odom_tf_new_pose,29.000000000,-471.000000000,0,392,392
44.765000000,44.740000000,45.240000000,map_odom_tf_republish,25.000000000,-475.000000000,0,476,476
44.966000000,44.940000000,45.440000000,map_odom_tf_republish,26.000000000,-474.000000000,0,410,410
45.166000000,45.140000000,45.640000000,map_odom_tf_republish,26.000000000,-474.000000000,0,446,446
45.365000000,45.340000000,45.840000000,map_odom_tf_republish,25.000000000,-475.000000000,0,348,348
45.569000000,45.540000000,46.040000000,map_odom_tf_new_pose,29.000000000,-471.000000000,0,222,222
45.765000000,45.740000000,46.240000000,map_odom_tf_republish,25.000000000,-475.000000000,0,489,489
45.965000000,45.940000000,46.440000000,map_odom_tf_republish,25.000000000,-475.000000000,0,100,100
46.166000000,46.140000000,46.640000000,map_odom_tf_republish,26.000000000,-474.000000000,0,649,649
46.369000000,46.340000000,46.840000000,map_odom_tf_new_pose,29.000000000,-471.000000000,0,353,353
46.565000000,46.540000000,47.040000000,map_odom_tf_republish,25.000000000,-475.000000000,0,471,471
46.765000000,46.740000000,47.240000000,map_odom_tf_republish,25.000000000,-475.000000000,0,334,334
46.966000000,46.940000000,47.440000000,map_odom_tf_republish,26.000000000,-474.000000000,0,369,369
47.171000000,47.140000000,47.640000000,map_odom_tf_new_pose,31.000000000,-469.000000000,0,830,830
47.367000000,47.340000000,47.840000000,map_odom_tf_republish,27.000000000,-473.000000000,0,1554,1554
47.566000000,47.540000000,48.040000000,map_odom_tf_republish,26.000000000,-474.000000000,0,373,373
47.765000000,47.740000000,48.240000000,map_odom_tf_republish,25.000000000,-475.000000000,0,519,519
47.965000000,47.940000000,48.440000000,map_odom_tf_new_pose,25.000000000,-475.000000000,0,1862,1862
48.165000000,48.140000000,48.640000000,map_odom_tf_republish,25.000000000,-475.000000000,0,324,324
48.365000000,48.340000000,48.840000000,map_odom_tf_republish,25.000000000,-475.000000000,0,191,191
48.566000000,48.540000000,49.040000000,map_odom_tf_republish,26.000000000,-474.000000000,0,360,360
48.769000000,48.740000000,49.240000000,map_odom_tf_new_pose,29.000000000,-471.000000000,0,209,209
48.965000000,48.940000000,49.440000000,map_odom_tf_republish,25.000000000,-475.000000000,0,119,119
49.164000000,49.140000000,49.640000000,map_odom_tf_republish,24.000000000,-476.000000000,0,185,185
49.365000000,49.340000000,49.840000000,map_odom_tf_republish,25.000000000,-475.000000000,0,81,81
49.565000000,49.540000000,50.040000000,map_odom_tf_republish,25.000000000,-475.000000000,0,426,426
49.765000000,49.740000000,50.240000000,map_odom_tf_republish,25.000000000,-475.000000000,0,128,128
49.968000000,49.940000000,50.440000000,map_odom_tf_new_pose,28.000000000,-472.000000000,0,1165,1165
50.165000000,50.140000000,50.640000000,map_odom_tf_republish,25.000000000,-475.000000000,0,566,566
50.365000000,50.340000000,50.840000000,map_odom_tf_republish,25.000000000,-475.000000000,0,476,476
50.565000000,50.540000000,51.040000000,map_odom_tf_republish,25.000000000,-475.000000000,0,55,55
50.765000000,50.740000000,51.240000000,map_odom_tf_republish,25.000000000,-475.000000000,0,375,375
50.966000000,50.940000000,51.440000000,map_odom_tf_new_pose,26.000000000,-474.000000000,0,212,212
51.166000000,51.140000000,51.640000000,map_odom_tf_republish,26.000000000,-474.000000000,0,340,340
51.365000000,51.340000000,51.840000000,map_odom_tf_republish,25.000000000,-475.000000000,0,220,220
51.566000000,51.540000000,52.040000000,map_odom_tf_republish,26.000000000,-474.000000000,0,1205,1205
51.770000000,51.740000000,52.240000000,map_odom_tf_new_pose,30.000000000,-470.000000000,0,164,164
51.965000000,51.940000000,52.440000000,map_odom_tf_republish,25.000000000,-475.000000000,0,192,192
52.165000000,52.140000000,52.640000000,map_odom_tf_republish,25.000000000,-475.000000000,0,170,170
52.365000000,52.340000000,52.840000000,map_odom_tf_republish,25.000000000,-475.000000000,0,669,669
52.572000000,52.540000000,53.040000000,map_odom_tf_new_pose,32.000000000,-468.000000000,0,241,241
52.768000000,52.740000000,53.240000000,map_odom_tf_republish,28.000000000,-472.000000000,0,542,542
52.965000000,52.940000000,53.440000000,map_odom_tf_republish,25.000000000,-475.000000000,0,311,311
53.166000000,53.140000000,53.640000000,map_odom_tf_republish,26.000000000,-474.000000000,0,404,404
53.365000000,53.340000000,53.840000000,map_odom_tf_republish,25.000000000,-475.000000000,0,749,749
53.565000000,53.540000000,54.040000000,map_odom_tf_republish,25.000000000,-475.000000000,0,132,132
53.765000000,53.740000000,54.240000000,map_odom_tf_new_pose,25.000000000,-475.000000000,0,491,491
53.966000000,53.940000000,54.440000000,map_odom_tf_republish,26.000000000,-474.000000000,0,636,636
54.166000000,54.140000000,54.640000000,map_odom_tf_republish,26.000000000,-474.000000000,0,303,303
54.365000000,54.340000000,54.840000000,map_odom_tf_republish,25.000000000,-475.000000000,0,386,386
54.565000000,54.540000000,55.040000000,map_odom_tf_republish,25.000000000,-475.000000000,0,681,681
54.765000000,54.740000000,55.240000000,map_odom_tf_republish,25.000000000,-475.000000000,0,700,700
54.965000000,54.940000000,55.440000000,map_odom_tf_republish,25.000000000,-475.000000000,0,450,450
55.167000000,55.140000000,55.640000000,map_odom_tf_new_pose,27.000000000,-473.000000000,0,204,204
55.365000000,55.341000000,55.841000000,map_odom_tf_republish,24.000000000,-476.000000000,0,317,317
55.565000000,55.540000000,56.040000000,map_odom_tf_republish,25.000000000,-475.000000000,0,376,376
55.765000000,55.740000000,56.240000000,map_odom_tf_republish,25.000000000,-475.000000000,0,202,202
55.966000000,55.940000000,56.440000000,map_odom_tf_republish,26.000000000,-474.000000000,0,509,509
56.166000000,56.140000000,56.640000000,map_odom_tf_republish,26.000000000,-474.000000000,0,593,593
56.368000000,56.340000000,56.840000000,map_odom_tf_new_pose,28.000000000,-472.000000000,0,173,173
56.566000000,56.540000000,57.040000000,map_odom_tf_new_pose,26.000000000,-474.000000000,0,199,199
56.769000000,56.740000000,57.240000000,map_odom_tf_new_pose,29.000000000,-471.000000000,0,301,301
56.967000000,56.940000000,57.440000000,map_odom_tf_new_pose,27.000000000,-473.000000000,0,496,496
57.169000000,57.141000000,57.641000000,map_odom_tf_new_pose,28.000000000,-472.000000000,0,139,139
57.365000000,57.340000000,57.840000000,map_odom_tf_republish,25.000000000,-475.000000000,0,229,229
57.565000000,57.540000000,58.040000000,map_odom_tf_republish,25.000000000,-475.000000000,0,182,182
57.766000000,57.741000000,58.241000000,map_odom_tf_republish,25.000000000,-475.000000000,0,310,310
57.965000000,57.940000000,58.440000000,map_odom_tf_republish,25.000000000,-475.000000000,0,473,473
58.165000000,58.140000000,58.640000000,map_odom_tf_republish,25.000000000,-475.000000000,0,155,155
58.365000000,58.340000000,58.840000000,map_odom_tf_republish,25.000000000,-475.000000000,0,88,88
58.566000000,58.540000000,59.040000000,map_odom_tf_republish,26.000000000,-474.000000000,0,206,206
58.764000000,58.740000000,59.240000000,map_odom_tf_republish,24.000000000,-476.000000000,0,503,503
58.965000000,58.940000000,59.440000000,map_odom_tf_republish,25.000000000,-475.000000000,0,227,227
59.165000000,59.140000000,59.640000000,map_odom_tf_republish,25.000000000,-475.000000000,0,206,206
59.366000000,59.342000000,59.842000000,map_odom_tf_republish,24.000000000,-476.000000000,0,867,867
59.565000000,59.540000000,60.040000000,map_odom_tf_republish,25.000000000,-475.000000000,0,335,335
59.765000000,59.740000000,60.240000000,map_odom_tf_republish,25.000000000,-475.000000000,0,56,56
59.967000000,59.940000000,60.440000000,map_odom_tf_republish,27.000000000,-473.000000000,0,581,581
60.165000000,60.140000000,60.640000000,map_odom_tf_republish,25.000000000,-475.000000000,0,309,309
60.365000000,60.340000000,60.840000000,map_odom_tf_republish,25.000000000,-475.000000000,0,300,300
60.566000000,60.543000000,61.043000000,map_odom_tf_republish,23.000000000,-477.000000000,0,522,522
60.766000000,60.741000000,61.241000000,map_odom_tf_republish,25.000000000,-475.000000000,0,139,139
60.965000000,60.941000000,61.441000000,map_odom_tf_republish,24.000000000,-476.000000000,0,538,538
61.166000000,61.141000000,61.641000000,map_odom_tf_republish,25.000000000,-475.000000000,0,121,121
61.365000000,61.341000000,61.841000000,map_odom_tf_republish,24.000000000,-476.000000000,0,265,265
61.565000000,61.542000000,62.042000000,map_odom_tf_republish,23.000000000,-477.000000000,0,552,552
61.765000000,61.742000000,62.242000000,map_odom_tf_republish,23.000000000,-477.000000000,0,675,675
61.965000000,61.942000000,62.442000000,map_odom_tf_republish,23.000000000,-477.000000000,0,450,450
62.166000000,62.142000000,62.642000000,map_odom_tf_republish,24.000000000,-476.000000000,0,85,85
62.365000000,62.342000000,62.842000000,map_odom_tf_republish,23.000000000,-477.000000000,0,570,570
62.565000000,62.542000000,63.042000000,map_odom_tf_republish,23.000000000,-477.000000000,0,155,155
62.766000000,62.742000000,63.242000000,map_odom_tf_republish,24.000000000,-476.000000000,0,484,484
62.965000000,62.942000000,63.442000000,map_odom_tf_republish,23.000000000,-477.000000000,0,350,350
63.165000000,63.142000000,63.642000000,map_odom_tf_republish,23.000000000,-477.000000000,0,209,209
63.365000000,63.342000000,63.842000000,map_odom_tf_republish,23.000000000,-477.000000000,0,186,186
63.565000000,63.542000000,64.042000000,map_odom_tf_republish,23.000000000,-477.000000000,0,132,132
63.765000000,63.742000000,64.242000000,map_odom_tf_republish,23.000000000,-477.000000000,0,159,159
63.965000000,63.942000000,64.442000000,map_odom_tf_republish,23.000000000,-477.000000000,0,269,269
